sample_id,rep,date,date2,type,group,group2,site,d15N,d13C,per_N,per_C,C_N_ratio,below_threshold,FG,FG2,Comments,
145,,20-Aug,A,food,forest green algae under sludge,,Wind Cave,-1.11,-3.63,0.26,9.14,35.32,n,,,,
191,,20-Aug,A,food,Green goo on rocks,,Gusher,-2.82,-16.42,3.85,31.09,8.78,y,,,4 runs averaged. Lots of variation in d13C.,
192,,20-Aug,A,food,FPOM,silty sediment,Skillet,-1.57,-24.16,0.02,0.21,9.57,n,,,"Averaged from 3 runs, all very similar.",
223,,20-Aug,A,food,Wood,,Gusher,-5.53,-27.21,1.03,49.58,48.23,n,,,,
228,B,20-Aug,A,food,FPOM,FPOM,Gusher,-3.3,-11.16,0.2,1.23,6.15,n,,,,
243,,20-Aug,A,food,Moss,,Delta,3.26,-27.95,1.81,31.36,17.29,n,,,,
274,B,20-Aug,A,food,Hydrurus,,Delta,-5.83,-22.35,5.13,29.94,5.84,n,,,,
277,,20-Aug,A,food,Wood,,Delta,-5.79,-22.04,0.1,52.43,506.86,y,,,N amplitude below threshold for reliable data,
302,B,20-Aug,A,food,Moss,,Delta,-3.5,-26.33,0.77,25,32.59,n,,,,
321,,20-Aug,A,food,Hydrurus,,NFTC,-2.1,-24.55,2.45,14.39,5.87,n,,,,
523,B,20-Aug,A,food,CPOM/Plant,Grass detritus,SFTC,-3.05,-25.93,1.06,44.94,42.45,n,,,,
525,,20-Aug,A,food,Moss,,SFTC,-0.49,-29.23,2.2,31.62,14.39,n,,,Replicates averaged,
532,,20-Aug,A,food,FPOM,FPOM,SFTC,1.09,-24.36,0.13,1.5,11.42,n,,,,
533,B,20-Aug,A,food,FPOM,FPOM,SFTC,1.19,-24.23,0.13,1.29,10.18,n,,,,
4002,A,20-Aug,A,food,CPOM/Plant,needle detritus,AK Basin,-4.17,-24.98,0.41,46.84,113.19,n,,,,
4002,B,20-Aug,A,food,CPOM/Plant,needle detritus,AK Basin,-5.42,-25.34,0.35,50.18,145.3,y,,,N & C Amplitude below threshold for reliable data.,
4019,,20-Aug,A,food,FPOM,FPOM,AK Basin,0.14,-25.37,0.53,6.32,11.98,n,,,,
4020,,20-Aug,A,food,FPOM,FPOM,AK Basin,0.64,-16.95,0.1,1.5,15.73,n,,,,
4021,,20-Aug,A,food,FPOM,FPOM,AK Basin,1.07,-20.46,0.33,4.69,14.1,n,,,,
5010,,20-Aug,A,food,Brown org on rocks,,SFTC,0.33,-23.14,0.35,3.54,10.15,n,,,,
5013,,20-Aug,A,food,Brown org on rocks,,SFTC,0.06,-21.93,0.33,3.22,9.89,n,,,,
100,,20-Aug,A,food,Snow mud,Snow mud,Cloudveil,-1.11,-25.05,0.41,3.91,9.44,n,,,,
1006 L-A,,,,food,CPOM/Plant,Leaf detritus,,-1.35,-26.17,2.48,43.87,17.68,,,,,
1006 L-B,,,,food,CPOM/Plant,Leaf detritus,,-1.1,-27.1,2.78,45.24,16.27,,,,,
1011,,21-Aug,NA,food,Hydrurus,Hydrurus SFTC,AK Basin,-0.16,-25.27,2.85,24.53,8.6,,,,,
1016,,21-Aug,NA,food,Hydrurus,Hydrurus SFTC,AK Basin,-0.07,-30.26,4.94,44.53,9.01,,,,,
1021,,21-Aug,NA,food,Hydrurus,Hydrurus SFTC,AK Basin,-0.34,-30.19,3.37,25.11,7.45,,,,,
1023,,21-Jul,A,food,Hydrurus,Hydrurus SFTC,AK Basin,0.14,-31.63,4.23,37.19,8.79,,,,,
1026,,21-Jul,A,food,Hydrurus,,Delta,-5.72,-21.82,4.48,31.21,6.97,n,,,,
1027,,21-Jul,A,food,Hydrurus,,Delta,-5.57,-22.32,5.08,33.27,6.55,n,,,,
1029,,21-Jul,A,food,Hydrurus,,Delta,-5.47,-21.31,6.05,41.77,6.91,n,,,,
1047,,21-Jul,A,food,Hydrurus,,Skillet,-4.82,-23.73,5.79,37.55,6.48,,,,,
105,,20-Aug,A,food,Moss,Moss,Cloudveil,-2.56,-22.37,1.9,24.31,12.78,n,,,,
1080,,21-Aug,NA,food,Hydrurus,,Wind Cave,-0.17,-34.81,4.96,44.49,8.97,,,,,
1085,,21-Aug,NA,food,Hydrurus,,Delta,-0.1,-32.05,4.28,40.4,9.45,n,,,,
109,,20-Aug,A,food,CPOM/Plant,Long needle detritus,Cloudveil,-3.31,-25.77,0.94,49.06,52.17,n,,,,
1091,,21-Aug,NA,food,Hydrurus,,Delta,-0.3,-33.17,3.82,34.66,9.07,n,,,,
1102,,21-Jul,A,food,Hydrurus,Hydrurus SFTC,AK Basin,-0.04,-34.28,5.51,41.53,7.54,,,,,
1108 L-A,,21-Jul,NA,food,CPOM/Plant,Leaf detritus,AK Basin,-1.74,-28.63,1.46,43.61,29.93,,,,,
1108 L-B,,21-Jul,NA,food,CPOM/Plant,Leaf detritus,AK Basin,-1.63,-28.98,1.75,43.48,24.78,,,,,
1108 L-C,,21-Jul,NA,food,CPOM/Plant,Leaf detritus,AK Basin,-3.66,-27.69,1.61,46.19,28.7,,,,,
1111,,21-Jul,NA,food,Hydrurus,,Wind Cave,-0.53,-33.48,4.68,37.78,8.08,,,,,
1112,,21-Jul,NA,food,Hydrurus,,Wind Cave,-0.68,-34.4,4.72,37.61,7.97,,,,,
1114,,21-Aug,A,food,Hydrurus,,Cloudveil,-3.81,-26.84,1.93,19.24,9.98,,,,,
1122,,21-Jul,A,food,Hydrurus,Hydrurus SFTC,AK Basin,0.01,-33.08,5.86,38.83,6.63,,,,,
1123,,21-Jul,NA,food,Hydrurus,,Wind Cave,-0.57,-36.51,6.35,45.68,7.19,,,,,
113,,20-Aug,A,food,CPOM/Plant,Grass detritus,Cloudveil,-4.36,-26.3,0.59,41.37,70.02,n,,,,
1138,,21-Aug,NA,food,Hydrurus,,Delta,-5.71,-20.42,0.21,1.56,7.28,y,,,Replicates averaged. N amplitude below threshold for reliable data,
1139,,21-Aug,NA,food,Hydrurus,,Delta,-4.62,-20.04,0.35,2.52,7.14,y,,,N amplitude below threshold for reliable data,
114,,20-Aug,A,food,Hornwart,Hornwart,Cloudveil,-0.95,-25.88,3.74,37.4,10.01,n,,,,
1143,,,,food,Hydrurus,,,-4.05,-26.57,2.59,24.07,9.31,,,,Not completely sure about date and site,
1144 G-A,,21-Jul,NA,food,CPOM/Plant,Grass detritus,Cloudveil,-3.37,-27.91,0.97,41.29,42.77,,,,,
1144 G-B,,21-Jul,NA,food,CPOM/Plant,Grass detritus,Cloudveil,-4.33,-27.3,0.73,44.73,60.97,,,,,
1144-L,,21-Jul,NA,food,CPOM/Plant,Leaf detritus,Cloudveil,-4.06,-27.66,1.32,41.63,31.58,,,,,
1145,,21-Aug,A,food,Hydrurus,,Cloudveil,-4.18,-25.47,2.16,18.18,8.4,,,,,
1148 F,,21-Aug,NA,food,CPOM/Plant,Flower detritus,Skillet,-2.34,-26.7,1.43,37.12,25.94,,,,,
1148 G,,21-Jul,NA,food,CPOM/Plant,Grass detritus,Skillet,-6.69,-24.15,0.72,44.96,62.77,,,,,
1148 L,,21-Aug,NA,food,CPOM/Plant,Leaf detritus,Skillet,-2.7,-26.31,3.03,32.68,10.79,,,,,
1151 G,,21-Jul,NA,food,CPOM/Plant,Grass detritus,Cloudveil,-2.56,-26.73,2.23,44.71,20.07,,,,,
1151 L-A,,21-Aug,NA,food,CPOM/Plant,Leaf detritus,Cloudveil,-5.55,-26.73,1.67,34.14,20.46,,,,,
1151 L-B,,21-Aug,NA,food,CPOM/Plant,Leaf detritus,Cloudveil,-4.62,-27.63,0.8,21.01,26.28,,,,,
1158,,,,food,Hydrurus,,,-4.38,-24.6,2.01,19.04,9.47,,,,Not completely sure about date and site,
124,,20-Aug,A,food,CPOM/Plant,Plant,Cloudveil,-3.42,-26.91,3.41,44.73,13.11,n,,,,
125,,20-Aug,A,food,CPOM/Plant,Leaf detritus,Cloudveil,-5.73,-27.75,1.53,44.81,29.3,n,,,,
130,,20-Aug,A,food,CPOM/Plant,Short needle detritus,Cloudveil,-2.92,-24.57,1.01,48.14,47.85,n,,,,
132,,20-Aug,A,food,Lichen,Lichen/film,Cloudveil,0.02,-23.51,5.11,44.87,8.79,n,,,,
136,,20-Aug,A,food,CPOM/Plant,Plant,Cloudveil,-2.76,-27.53,4.52,44.87,9.93,n,,,,
144,,20-Aug,A,food,Orange biofilm,Orange biofilm,Wind Cave,-0.93,-13.23,1.98,23.52,11.87,n,,,,
151,,20-Aug,A,food,Hydrurus,Hydrurus,Wind Cave,-1.03,-35.52,5.51,42.06,7.63,n,,,,
152,,20-Aug,A,food,Moss,Moss,Wind Cave,-0.14,-34.99,1.83,35.67,19.53,n,,,,
153,,20-Aug,A,food,Reddish biofilm,Reddish biofilm,Wind Cave,-2.03,-18.29,3.61,32.09,8.9,n,,,,
154,,20-Aug,A,food,Forest green algae,Forest green algae,Wind Cave,-4.44,-31.58,3.88,29.42,7.58,n,,,,
160,,20-Aug,A,food,Moss,Moss,Wind Cave,-1.68,-35.02,1.74,31.64,18.17,n,,,,
161,,20-Aug,A,food,Hydrurus,Hydrurus,Wind Cave,-1.06,-34.94,4.73,37.17,7.85,n,,,,
162,,20-Aug,A,food,Hydrurus,Hydrurus,Wind Cave,-0.7,-33.25,4.78,42,8.79,n,,,,
163,,20-Aug,A,food,Moss,Moss,Wind Cave,-1.31,-35.26,2.06,37.95,18.41,n,,,,
169,,20-Aug,A,food,Forest green algae,Forest green algae,Wind Cave,-3.23,-33.14,5.23,42.15,8.06,n,,,,
172,,20-Aug,A,food,Grass detritus,Grass detritus,Skillet,-2.81,-25.05,1.4,40.55,28.86,n,,,,
185,,20-Aug,A,food,Hydrurus,Hydrurus,Skillet,-2.59,-25.69,6.26,37.61,6.01,n,,,,
186,,20-Aug,A,food,CPOM/Plant,small roots,Gusher,-5.28,-27.69,1.46,41.76,28.51,n,,,,
190,,20-Aug,A,food,Short needle detritus,Short needle detritus,Skillet,-2.36,-30.13,1.28,50.22,39.35,n,,,,
202,,20-Aug,A,food,CPOM/Plant,Other herb,Gusher,-7.94,-28.19,3.46,45.28,13.09,n,,,,
2025,,20-Aug,A,food,Moss,Moss,NFTC,-2.07,-24.01,1.91,30.11,15.76,n,,,,
206,,20-Aug,A,food,CPOM/Plant,Short needle detritus,Gusher,-5.49,-27.23,0.57,50.08,87.71,n,,,,
210,,20-Aug,A,food,CPOM/Plant,small herb,Gusher,-4.67,-28.1,3.55,42.23,11.9,n,,,,
212,,20-Aug,A,food,CPOM/Plant,Grass detritus,Paintbrush,-3.81,-27.18,1.73,40.28,23.31,n,,,,
215,,20-Aug,A,food,Moss,Moss,Gusher,-4.72,-24.01,1.74,21.79,12.56,n,,,,
217,,20-Aug,A,food,Long needle detritus,Long needle detritus,Skillet,-2.98,-25.65,1.67,48.09,28.78,n,,,,
219,,20-Aug,A,food,CPOM/Plant,Long needle detritus,Gusher,-3.99,-25.5,1.18,49.88,42.16,n,,,,
222,,20-Aug,A,food,CPOM/Plant,Grass detritus,Gusher,-5.21,-30.06,3.03,45.38,14.98,n,,,,
225,,20-Aug,A,food,Wood,Wood,Gusher,-3.76,-25.99,0.38,48.5,128.02,n,,,,
226,,20-Aug,NA,food,Hydrurus,Hydrurus,Paintbrush,-1.83,-21.63,2.85,22.28,7.82,n,,,,
227,,20-Aug,A,food,FPOM,,Paintbrush,-1.36,-21.18,0.03,0.27,8.55,n,,,Rerun. Other sample discarded.,
228,,20-Aug,A,food,FPOM,FPOM,Gusher,-3.17,-11.2,0.17,1.11,6.5,y,,,Two samples averaged for N values.,
231,,20-Aug,A,food,Lichen,Lichen,Paintbrush,-4.16,-23.67,2.24,20.65,9.21,n,,,,
237,,20-Aug,A,food,Moss,Moss,Paintbrush,-4.11,-24.82,1.23,36.68,29.74,n,,,,
240,,20-Aug,A,food,CPOM/Plant,Leaf detritus,Grizzly,-7.74,-29.35,0.63,50.71,80.3,y,,,N & C Amplitude below threshold for reliable data.,
241,,20-Aug,A,food,CPOM/Plant,Grass detritus,Grizzly,-4.28,-25.17,1.33,43.95,33.01,n,,,,
243-D,,20-Aug,A,food,Moss,,Delta,3.11,-28.18,1.87,27.92,14.96,,,,,
244,,20-Aug,A,food,Wood,Wood,NFTC,-2.99,-25.84,0.97,39.83,41.24,n,,,,
245,,20-Aug,A,food,Moss,,Cloudveil,-2.99,-24.28,1.52,32.48,21.4,,,,,
247,,20-Aug,A,food,CPOM/Plant,Grass detritus,Wind Cave,-3.94,-26.77,1.03,46.45,45.09,n,,,,
250,,20-Aug,A,food,CPOM/Plant,Leaf detritus,NFTC,-2.89,-28.08,1.75,40.55,23.21,n,,,,
251,,20-Aug,A,food,Wood,Wood,Grizzly,-4.48,-26.46,1.67,51.54,30.88,n,,,,
252,,20-Aug,A,food,CPOM/Plant,Leaf detritus,Delta,-3.32,-29.19,2.78,43.42,15.64,n,,,,
255,,20-Aug,A,food,CPOM/Plant,Grass detritus,Delta,-3.24,-28.37,2.41,48.58,20.13,n,,,,
257,,20-Aug,A,food,CPOM/Plant,needle detritus,Wind Cave,-4.08,-26.94,0.51,49.95,98.64,n,,,,
263,,20-Aug,A,food,CPOM/Plant,needle detritus,Delta,-4.2,-27.36,0.98,49.09,49.87,n,,,,
272,,20-Aug,A,food,CPOM/Plant,needle detritus,Paintbrush,-3.85,-26.89,1.58,47.65,30.25,n,,,,
274,,20-Aug,A,food,Hydrurus,Hydrurus,Delta,-5.99,-22.13,5.34,29.58,5.54,n,,,,
275,,20-Aug,A,food,CPOM/Plant,needle detritus,Delta,-6.4,-27.52,0.67,49.73,74.61,n,,,,
283,,20-Aug,A,food,Moss,Moss,Grizzly,-4.08,-23.75,2.09,36.85,17.66,n,,,,
283-D,,20-Aug,A,food,Moss,,Grizzly,-4.08,-23.6,2.11,37.31,17.71,,,,,
286,,20-Aug,A,food,Pikapoop,Pika poop,Grizzly,-1.19,-27.91,1.79,43.66,24.4,n,,,,
286,,20-Aug,A,food,Pikapoop,Pika poop,Grizzly,-1.22,-27.92,1.77,43.25,24.48,n,,,,
288,,20-Aug,A,food,CPOM/Plant,needle detritus,Delta,-3.72,-27.83,0.75,50.71,67.92,n,,,,
296,,20-Aug,A,food,Moss,Moss,Grizzly,-1.22,-23.72,2.29,37.88,16.57,n,,,,
296-D,,20-Aug,A,food,Moss,,Grizzly,-1.12,-23.56,2.44,38.02,15.61,,,,,
301,,20-Aug,A,food,CPOM/Plant,needle detritus,Grizzly,-4.18,-25.18,1.03,52.01,50.48,n,,,,
302,,20-Aug,A,food,Moss,Moss,Delta,-3.2,-26.5,0.81,26.28,32.55,n,,,,
302-D,,20-Aug,A,food,Moss,,Delta,-2.95,-26.39,0.81,26.24,32.54,,,,,
307,,20-Aug,A,food,Lichen,Lichen,Grizzly,-5.07,-24.37,4.88,42.04,8.61,n,,,,
314,,20-Aug,A,food,FPOM,FPOM,Grizzly,-0.31,-23.28,0.61,5.96,9.84,n,,,,
315,,20-Aug,,food,Pika poop,Pika poop,NFTC,-2.21,-27.81,1.31,43.4,33.12,n,,,,
327,,20-Aug,A,food,FPOM,FPOM,Grizzly,-3.57,-28.48,1.65,45.72,27.79,n,,,This looks like an outlier,
328,,20-Aug,A,food,Hydrurus,Hydrurus,NFTC,-2.69,-25.5,5.36,32.33,6.03,n,,,,
330,,20-Aug,A,food,Black scum,Black scum,NFTC,-0.93,-17.53,3.91,18.89,4.83,n,,,,
331-A,A,20-Aug,A,food,FPOM,FPOM,NFTC,3.98,-24.26,0.31,3.22,10.47,n,,,,
332,,20-Aug,A,food,CPOM/Plant,Short needle detritus,NFTC,-4.89,-26.01,0.39,48.62,123.96,n,,,,
347,,20-Aug,A,food,Hydrurus,Hydrurus,NFTC,-2.41,-25.28,5.01,30.67,6.12,n,,,,
4000,,20-Aug,A,food,CPOM/Plant,Grass detritus,AK Basin,-0.92,-26.34,1.01,38.37,38.12,n,,,,
4001,,20-Aug,A,food,CPOM/Plant,Leaf detritus,AK Basin,-4.29,-28.03,1.29,45.62,35.34,n,,,,
4003,,20-Aug,A,food,CPOM/Plant,Wood,AK Basin,-3.52,-28.23,1.22,40.44,33.08,n,,,,
4004,,20-Aug,NA,food,Pika poop,Pika poop,AK Basin,-0.18,-28.72,2.62,35.11,13.38,n,,,,
4005,,20-Aug,A,food,Moss,Moss,AK Basin,-0.62,-30.86,3.26,39.13,12,n,,,,
4006,,20-Aug,A,food,CPOM/Plant,Leaf detritus,AK Basin,-1.41,-26.93,3.82,40.84,10.68,n,,,,
4007,,20-Aug,A,food,CPOM/Plant,Grass detritus,AK Basin,-1.82,-24.87,1.01,43.23,42.63,n,,,,
4020,,20-Aug,A,food,FPOM,FPOM,AK Basin,-0.58,-15.06,0.09,1.54,16.53,y,,,N & C Amplitude below threshold for reliable data.,
5013,,20-Aug,A,food,Brown org on rocks,Brown org on rocks,SFTC,0.54,,0.24,,,n,,,Carbon Amplitude below threshold for reliable data.,
5013,,20-Aug,A,food,Brown org on rocks,Brown org on rocks,SFTC,0.54,-21.88,0.24,2.39,10.12,y,,,Carbon Amplitude below threshold for reliable data.,
5014,,20-Aug,A,food,CPOM/Plant,Long needle detritus,SFTC,-1.58,-26.58,0.43,53.52,124.14,n,,,,
520,,20-Aug,A,food,CPOM/Plant,Short needle detritus,SFTC,-1.74,-25.95,0.98,51.83,53.14,n,,,,
521,,20-Aug,A,food,CPOM/Plant,Grass detritus,SFTC,-1.94,-27.21,1.1,43.34,39.35,n,,,,
523,,20-Aug,A,food,CPOM/Plant,Grass detritus,SFTC,-2.66,-26.4,1.51,53.23,35.26,n,,,Replicates averaged,
524,,20-Aug,A,food,Moss,Moss,SFTC,-1.29,-24.44,0.98,21.92,22.27,n,,,,
527,,20-Aug,A,food,Wood,Wood,SFTC,-2.29,-27.15,1.5,43.17,28.77,n,,,,
528,,20-Aug,A,food,Algae_slime,Thick algae slime,SFTC,-0.09,-12.17,6.03,38.53,6.39,n,,,,
529,,20-Aug,A,food,Algae_slime,Thick algae slime,SFTC,-0.16,-12.53,6.39,38.26,5.99,n,,,,
533,,20-Aug,A,food,FPOM,FPOM,SFTC,1.45,-24.44,0.12,1.27,10.92,y,,,N & C Amplitude below threshold for reliable data.,
900,,20-Aug,A,food,,,,-1.75,-18.8,1.53,16.2,10.59,,,,,
AK 7.23.21 R1A 0.5,,21-Jul,NA,food,Biofilm,,AK Basin,-3.5,-29.4,4.6,33,7.2,n,,,,
AK 7.23.21 R2A 0.5,,21-Jul,NA,food,Biofilm,,AK Basin,-0.2,-22,3.8,31.2,8.1,n,,,,
AK 7.23.21 R3A 0.5,,21-Jul,NA,food,Biofilm,,AK Basin,-0.3,-23.3,5.3,37.2,7,n,,,,
AK 8.7.21 R1A 0.25,,21-Aug,NA,food,Biofilm,,AK Basin,-0.15,-26.55,1.15,9.5,8.4,n,,,Replicated averaged. Replicates outside QAQC tolerance for C and N %.,
AK 8.7.21 R2,,21-Aug,NA,food,Biofilm,,AK Basin,-0.5,-26.7,2.6,21,7.9,n,,,,
AK 8.7.21 R3,,21-Aug,NA,food,Biofilm,,AK Basin,-1.4,-30.9,4.4,31.5,7.2,n,,,,
AK Icy Bluebells,,20-Aug,A,food,CPOM/Plant,Plant,AK Basin,-4.15,-26.45,3.53,43.37,12.28,n,,,,
AK Icy Finger Plant,,20-Aug,A,food,CPOM/Plant,Plant,AK Basin,-0.19,-26.58,3.83,43.9,11.47,n,,,,
AK Icy Grass 1,,20-Aug,A,food,CPOM/Plant,Plant,AK Basin,-5.74,-25.34,2.24,44.86,20.01,n,,,,
AK Icy Herb 1,,20-Aug,A,food,CPOM/Plant,Plant,AK Basin,-3,-25.93,2.65,42.02,15.86,n,,,,
AK Icy Sedge 1,,20-Aug,A,food,CPOM/Plant,Plant,AK Basin,-1.59,-25.81,1.42,43.36,30.62,n,,,,
AK Icy Wedge Aster,,20-Aug,A,food,CPOM/Plant,Plant,AK Basin,-4.2,-26.69,3.76,45.14,12.01,n,,,,
AK Icy Willow Leaves,,20-Aug,A,food,CPOM/Plant,Plant,AK Basin,-2.77,-27.94,2.86,47.05,16.44,n,,,,
AK R2A,,20-Aug,A,food,Biofilm,Biofilm,AK Basin,-0.78,-16.87,1.35,16.16,11.95,n,,,,
AK R2B 0.5,,20-Aug,A,food,Biofilm,,AK Basin,2.2,-16.6,0.7,9.3,13.4,n,,,,
AK R3A 0.25 R3C,,20-Aug,A,food,Biofilm,Biofilm,AK Basin,-0.35,-23.02,1.61,13.33,8,n,,,Averaged R3A and 0.25 R3C,
AK S1L1L3,,20-Aug,A,food,Seston,,AK Basin,4.01,-22.85,0.16,1.78,11,n,,,,
AK S2 S3 S4 L2,,20-Aug,A,food,Seston,,AK Basin,3.07,-28.41,,,13.79,y,,,C and N amplitude below threshold for reliable data,Drift in N refference gas. N is unuseable
AK-R1A,,20-Aug,A,food,Biofilm,Biofilm,AK Basin,-1.49,-17.98,1.56,16.93,10.84,n,,,,
Cloudveil Grass 1,,20-Aug,A,food,CPOM/Plant,Plant,Cloudveil,-4.37,-25.66,4.15,44.64,10.75,n,,,Replicates averaged,
Cloudveil Grass 2,,20-Aug,A,food,CPOM/Plant,Plant,Cloudveil,-3.65,-25.59,4.4,44.7,10.16,n,,,,
Cloudveil Herb 1,,20-Aug,A,food,CPOM/Plant,Plant,Cloudveil,-0.48,-30.05,5.96,44.6,7.49,n,,,,
Cloudveil Needles,,20-Aug,A,food,CPOM/Plant,Plant,Cloudveil,-2.41,-24.67,1.57,49.78,31.8,n,,,,
Cloudveil Wood,,20-Aug,A,food,CPOM/Plant,Wood,Cloudveil,-4.34,-24.75,0.42,49.66,118.71,n,,,,
CV 7.21.21 R1A,,21-Jul,NA,food,Biofilm,,Cloudveil,-2,-23.9,3.1,21,6.7,n,,,,
CV 7.21.21 R2A,,21-Jul,NA,food,Biofilm,,Cloudveil,-0.7,-26.7,2.2,14.4,6.6,n,,,,
CV 7.21.21 R3A,,21-Jul,NA,food,Biofilm,,Cloudveil,-2.5,-23.2,1.4,10.5,7.4,n,,,,
CV 8.10.21 R1 0.5,,21-Aug,NA,food,Biofilm,,Cloudveil,0.2,-24.1,1.9,11.7,6.1,n,,,,
CV 8.10.21 R2 0.5,,21-Aug,NA,food,Biofilm,,Cloudveil,-3.4,-24.6,2.5,15.4,6.1,n,,,,
CV 8.10.21 R3,,21-Aug,NA,food,Biofilm,,Cloudveil,-2.4,-23.7,3.5,23.5,6.7,n,,,,
CV EG 2A,,20-Aug,A,food,Biofilm,Biofilm,Cloudveil,-3.86,-23.2,4.81,28.55,5.93,n,,,,
CV EGA EGB,,20-Aug,A,food,Biofilm,,Cloudveil,-1.15,-25.83,4.41,20.28,6.76,y,,,"C averaged for EGA and EGB, N from EG A. Drift in N reference gas for EGB: N is unuseable.",
CV F1 F3,,20-Aug,A,food,FPOM,,Cloudveil,1.99,-23.42,0.08,0.74,9.11,n,,,F1 and F3 averaged. Replicates of F1 averaged.,
CV F5,,20-Aug,A,food,FPOM,FPOM,Cloudveil,2.49,-23.53,0.13,1.19,8.87,n,,,,
CV F8 and F9,,20-Aug,A,food,FPOM,FPOM,Cloudveil,2.32,-23.83,0.08,0.72,9.36,n,,,F8 and F9 averaged,
CV R1CB R1A,,20-Aug,A,food,Biofilm,Biofilm,Cloudveil,-0.12,-24.94,0.62,5.31,8.49,y,,,"R1CB and R1A were averaged. N & C amplitude was below threshold for reliable data for R1CB, but numbers were comprable.",
CV R3 A B C,,20-Aug,A,food,Biofilm,,Cloudveil,,-23.11,,8.51,,y,,,Drift in N reference gas. N is unuseable.,
CV S1 S2 S3,,20-Aug,A,food,Seston,Seston,Cloudveil,1.38,-27.31,0.42,4.15,9.86,n,,,,
CV S4 L1 L3,,20-Aug,A,food,Seston,,Cloudveil,,-25.53,,,9.41,y,,,,Drift in N refference gas. N is unuseable
CV S5 S6 L2,,20-Aug,A,food,Seston,,Cloudveil,,-25.27,,,10.15,y,,,,Drift in N refference gas. N is unuseable
CV-R2A,,20-Aug,A,food,Biofilm,Biofilm,Cloudveil,-1.64,-21.05,1.06,7.76,7.33,n,,,,
Delta 7.19.21 G,,21-Jul,NA,food,CPOM/Plant,Grass detritus,Delta,-3.38,-26.59,1.05,33.31,31.71,,,,,
Delta 7.19.21 L,,21-Jul,NA,food,CPOM/Plant,Leaf detritus,Delta,-6.71,-27.03,1.04,46.4,44.72,,,,,
Delta 7.19.21 R2A,,21-Jul,NA,food,Biofilm,,Delta,-1.9,-23.4,1.5,10,6.7,n,,,,
Delta 8.11.21 L-A,,21-Aug,NA,food,CPOM/Plant,Leaf detritus,Delta,-8.22,-28.01,2.48,45.59,18.38,,,,,
Delta 8.11.21 L-B,,21-Aug,NA,food,CPOM/Plant,Leaf detritus,Delta,-5.7,-30.99,2.29,45.57,19.93,,,,,
Delta 8.11.21 L-C,,21-Aug,NA,food,CPOM/Plant,Leaf detritus,Delta,-3.08,-28.16,1.42,40.86,28.84,,,,,
Delta 8.11.21 R2,,21-Aug,NA,food,Biofilm,,Delta,-4,-21.1,1.6,10.9,6.7,n,,,,
Delta Astoracae,,20-Aug,A,food,CPOM/Plant,Plant,Delta,-4.86,-27.81,2.99,44.3,14.83,n,,,,
Delta EG B,,20-Aug,A,food,Biofilm,,Delta,,-22.74,,17.28,,y,,,Drift in N reference gas. N is unuseable.,
Delta F1F3,,20-Aug,A,food,FPOM,,Delta,0.06,-23.63,0.06,0.49,8.27,n,,,,
Delta F6,,20-Aug,A,food,FPOM,FPOM,Delta,-2.14,-23.08,0.05,0.41,7.75,n,,,,
Delta F7 F8,,20-Aug,A,food,FPOM,FPOM,Delta,-3.23,-23.68,0.05,0.31,6.48,n,,,F7 and F8 averaged,
Delta Huckleberry L,,20-Aug,A,food,CPOM/Plant,Plant,Delta,-3.91,-28.47,2.66,49.62,18.68,n,,,,
Delta Pine Needles,,20-Aug,A,food,CPOM/Plant,Plant,Delta,-4.68,-26.98,1.19,51.01,42.76,n,,,,
Delta R1A 0.5 R1B,,20-Aug,A,food,Biofilm,Biofilm,Delta,-3.85,-19.73,0.72,4.72,6.77,n,,,Averaged R1A 0.5 and R1B,
Delta R2A R2BC,,20-Aug,A,food,Biofilm,Biofilm,Delta,-2.29,-25.51,1.06,11.38,10.79,y,,,d13C only averaged from R2A and R2BC. d13C values very different. Drift in N reference gas for R2BC: N is unuseable. Low N and C amplitude for reliable isotopic data for R2A.,
Delta R3B,,20-Aug,A,food,Biofilm,Biofilm,Delta,-4.13,-21.48,0.6,4.24,7.07,n,,,,
Delta Rush 1,,20-Aug,A,food,CPOM/Plant,Plant,Delta,-2.66,-25.99,1.68,44.87,26.63,n,,,,
Delta S1,,20-Aug,A,food,Seston,,Delta,3.04,-26.85,0.31,2.43,7.86,y,,,C&N amplitudes below threshold for reliable data,
Delta S2 S6 L1-L3,,20-Aug,A,food,Seston,,Delta,,-25.61,,,9.93,y,,,,Drift in N refference gas. N is unuseable
Delta S4 S5,,20-Aug,A,food,Seston,Seston,Delta,2.06,-26.88,0.1,0.99,9.45,y,,,N & C Amplitude below threshold for reliable data.,
Delta Sedge 1,,20-Aug,A,food,CPOM/Plant,Plant,Delta,-2.62,-26.45,2.16,44.24,20.5,n,,,Replicates averaged,
Delta Spruce Needles,,20-Aug,A,food,CPOM/Plant,Plant,Delta,-6.7,-28.88,1.18,49.41,41.86,n,,,,
Delta Willow Leaves,,20-Aug,A,food,CPOM/Plant,Plant,Delta,-3.98,-27.7,3.17,47.71,15.07,n,,,,
Delta Wood home,,20-Aug,A,food,Wood,Wood,Delta,-3.77,-21.55,0.74,47.2,64.17,n,,,,
Delta wood home,B,20-Aug,A,food,Wood,,Delta,-3.5,-21.75,0.77,48.48,63.35,n,,,Replicates averaged,
Delta-S3,,20-Aug,A,food,Seston,Seston,Delta,0.7,-26.26,0.13,1.32,9.86,y,,,low N and C amplitude for reliable isotopic data.,
Griz R1A R2A 0.5,,20-Aug,A,food,Biofilm,Biofilm,Grizzly,-1.56,-17.73,2.88,19.3,6.5,n,,,"Griz R1A and R1B 0.5 averaged, except for per_N and Per_C because R1B weight suspect.",
Griz R3C and R3B,,20-Aug,A,food,Biofilm,,Grizzly,-2,-14.97,2,17.93,6.3,n,,,"Griz R3C and R3B averaged, except for R3B missing values due to drift in N gas.",
Grizzly F4 F5,,20-Aug,A,food,FPOM,FPOM,Grizzly,0.03,-23.59,0.62,5.76,9.25,n,,,F4 and F5 averaged,
Griz-R2B,,20-Aug,A,food,Biofilm,Biofilm,Grizzly,-1.82,-19.16,4.63,28.25,6.1,n,,,,
Grizzly Bushy Plant,,20-Aug,A,food,CPOM/Plant,Plant,Grizzly,-4.35,-25.52,4.79,45.95,9.59,n,,,,
Grizzly Buttercup,,20-Aug,A,food,CPOM/Plant,Plant,Grizzly,-4.46,-27.57,3.83,45.59,11.91,n,,,,
Grizzly F2,,20-Aug,A,food,FPOM,FPOM,Grizzly,0.83,-22.39,0.57,4.99,8.69,n,,,,
Grizzly F7,,20-Aug,A,food,FPOM,FPOM,Grizzly,0.54,-23.07,0.51,4.49,8.76,n,,,,
Grizzly Grass 1,,20-Aug,A,food,CPOM/Plant,Plant,Grizzly,-4.28,-27.38,2.68,43.51,16.23,n,,,,
Grizzly L1-L3,,20-Aug,A,food,Seston,,Grizzly,,-22.05,,,,y,,,C and N amplitude below threshold for reliable data,Drift in N refference gas. N is unuseable
Grizzly S1 S3 S6,,20-Aug,A,food,Seston,Seston,Grizzly,-1.98,-20.41,1.13,11.44,10.13,n,,,,
Grizzly S2 S4 S5,,20-Aug,A,food,Seston,,Grizzly,,-24.61,,22.87,,y,,,C amplitude below threshold for reliable data,Drift in N refference gas. N is unuseable
Grizzly Sedge,,20-Aug,A,food,CPOM/Plant,Plant,Grizzly,-3.82,-26.92,3.54,43.66,12.34,n,,,,
Grizzly Sedge 2,,20-Aug,A,food,CPOM/Plant,Plant,Grizzly,-2.14,-27.74,3.72,43.14,11.6,n,,,,
Grizzly Silk Herb,,20-Aug,A,food,CPOM/Plant,Plant,Grizzly,-4.11,-27.51,4.16,45.35,10.91,n,,,,
Grizzly Sticky,,20-Aug,A,food,CPOM/Plant,Plant,Grizzly,-3.05,-26.45,4.89,46.7,9.54,n,,,,
Gusher L1-L3,,20-Aug,A,food,Seston,,Gusher,,-24.56,,,,y,,,,Drift in N refference gas. N is unuseable
NF R1B R1A 0.5,,20-Aug,A,food,Biofilm,,NFTC,-2.24,-16.27,2.01,12.03,6.07,n,,,R1A 0.5 and R1B averaged.,
NF R2A 0.5 R2B,,20-Aug,A,food,Biofilm,,NFTC,-2.62,-17.17,1.83,11.98,6.54,n,,,R2A 0.5 and R2B averaged,
NF S6 L1-L3,,20-Aug,A,food,Seston,,NFTC,,-24.04,,,,y,,,,Drift in N refference gas. N is unuseable
NFTC Buttercup,,20-Aug,A,food,CPOM/Plant,Plant,NFTC,-1.94,-27.18,3.09,46.28,15,n,,,,
NFTC Empetrum Leaves,,20-Aug,A,food,CPOM/Plant,Plant,NFTC,-5.99,-27,1.55,52.29,33.65,n,,,,
NFTC F1,,20-Aug,A,food,FPOM,FPOM,NFTC,1.23,-24.48,0.3,3.2,10.56,n,,,,
NFTC Grass 1,,20-Aug,A,food,CPOM/Plant,Plant,NFTC,-3.36,-26.51,2.16,42.97,19.87,n,,,,
NFTC Herb 1,,20-Aug,A,food,CPOM/Plant,Plant,NFTC,-2.62,-28.82,3.93,45.32,11.54,n,,,,
NFTC R3B,,20-Aug,A,food,Biofilm,Biofilm,NFTC,-1.36,-17.65,1.72,10.66,6.2,n,,,,
NFTC Rush 1,,20-Aug,A,food,CPOM/Plant,Plant,NFTC,-3.35,-27.61,2.66,44.01,16.54,n,,,,
NFTC S1S2,,20-Aug,A,food,Seston,,NFTC,0.31,-23.91,2.16,16.79,7.77,n,,,,
NFTC S345,,20-Aug,A,food,Seston,,NFTC,-0.51,-24.6,2.27,17.57,7.73,n,,,,
NFTC Sedge 1,,20-Aug,A,food,CPOM/Plant,Plant,NFTC,-2.18,-27.43,2.2,44.58,20.3,n,,,,
NFTC-F7,,20-Aug,A,food,FPOM,FPOM,NFTC,2.5,-24.22,0.32,2.94,9.1,n,,,,
Paint F2,,20-Aug,A,food,FPOM,FPOM,Paintbrush,-3.91,-23.43,0.06,0.62,10.67,y,,,N & C Amplitude below threshold for reliable data.,
Paint F7,,20-Aug,A,food,FPOM,FPOM,Paintbrush,-0.88,-21.2,0.08,0.82,9.84,n,,,,
Paint R1B,,20-Aug,A,food,Biofilm,Biofilm,Paintbrush,-4.62,-22.1,0.29,1.93,6.59,n,,,,
Paint R2C,,20-Aug,A,food,Biofilm,Biofilm,Paintbrush,-3.38,-21.94,0.24,1.53,6.36,n,,,,
Paint R3A 0.25 R3C,,20-Aug,A,food,Biofilm,,Paintbrush,-3.41,-20.98,1.98,13.66,6.85,n,,,R3A 0.5 and R3C averaged. d15N values not very similar.,
Paint S1 S2 S3,,20-Aug,A,food,Seston,Seston,Paintbrush,-0.9,-29.91,0.59,6.34,10.66,n,,,,
Paint S4 S5 L3,,20-Aug,A,food,Seston,,Paintbrush,,-21.76,,,,y,,,,Drift in N refference gas. N is unuseable
Paint S6 L1 L2,,20-Aug,A,food,Seston,,Paintbrush,,-21.23,,,,y,,,C amplitude below threshold for reliable data,Drift in N refference gas. N is unuseable
Paintbrush Arnica,,20-Aug,A,food,CPOM/Plant,Plant,Paintbrush,-5.68,-28.49,2.87,44.03,15.35,n,,,,
Paintbrush Buttercup,,20-Aug,A,food,CPOM/Plant,Plant,Paintbrush,-4.8,-27.1,3.44,43.53,12.67,n,,,,
Paintbrush Fern,,20-Aug,A,food,CPOM/Plant,Plant,Paintbrush,-5.25,-27.86,4.68,43.12,9.22,n,,,Replicates averaged,
Paintbrush Grass 1,,20-Aug,A,food,CPOM/Plant,Plant,Paintbrush,-3.97,-25.99,1.43,44.29,30.9,n,,,,
Paintbrush Rush,,20-Aug,A,food,CPOM/Plant,Plant,Paintbrush,-5.53,-26.71,2.4,43.89,18.29,n,,,,
Paintbrush Sedge 1,,20-Aug,A,food,CPOM/Plant,Plant,Paintbrush,-5.94,-26.31,3.21,45.51,14.16,n,,,Replicates averaged,
Paintbrush Sedge 2,,20-Aug,A,food,CPOM/Plant,Plant,Paintbrush,-4.76,-26.73,2.85,43.74,15.37,n,,,,
Paint-F1,,20-Aug,A,food,FPOM,FPOM,Paintbrush,-0.21,-24.7,0.07,0.79,11.39,n,,,,
SF 7.23.21 R1A,,21-Jul,NA,food,Biofilm,,SFTC,0.3,-27.6,3.8,29.4,7.8,n,,,,
SF 7.23.21 R2A,,21-Jul,NA,food,Biofilm,,SFTC,-0.4,-22.3,5.1,55.9,10.9,n,,,,
SF 7.23.21 R3A,,21-Jul,NA,food,Biofilm,,SFTC,0.1,-27.5,3.7,30.1,8,n,,,,
SF S1 L1-L3,,20-Aug,A,food,Seston,,SFTC,,-24.33,,,,y,,,C and N amplitude below threshold for reliable data,Drift in N refference gas. N is unuseable
SFTC Grass 1,,20-Aug,A,food,CPOM/Plant,Plant,SFTC,0.29,-27.34,1.92,44.32,23.02,n,,,,
SFTC Grass 2,,20-Aug,A,food,CPOM/Plant,Plant,SFTC,-1.21,-26.01,1.13,43.82,38.94,n,,,,
SFTC Monkey,,20-Aug,A,food,CPOM/Plant,Plant,SFTC,-2.16,-27.48,4.19,46.92,11.19,n,,,,
SFTC Pine Needle,,20-Aug,A,food,CPOM/Plant,Plant,SFTC,0.46,-27.77,0.92,51.94,56.51,n,,,,
SFTC R1A R1B R2A,,20-Aug,A,food,Biofilm,Biofilm,SFTC,-0.24,-29.37,4.11,36.75,8.94,n,,,,
SFTC R1C,,20-Aug,A,food,Biofilm,,SFTC,-1.75,-28.95,2.7,23.32,8.62,n,,,,
SFTC R2BC,,20-Aug,A,food,Biofilm,,SFTC,0.61,-28.38,2.79,27.96,10.02,n,,,,
SFTC R3 A-C,,20-Aug,A,food,Biofilm,,SFTC,,-29.05,,43.9,,y,,,Drift in N refference gas. N is unuseable,
SFTC S2 S3 S4,,20-Aug,A,food,Seston,Seston,SFTC,3.25,-32.53,1.41,20.54,14.6,n,,,,
SFTC Sedge 1,,20-Aug,A,food,CPOM/Plant,Plant,SFTC,-0.29,-27.54,2.7,43.46,16.11,n,,,Repliactes averaged,
SFTC Spruce Needles,,20-Aug,A,food,CPOM/Plant,Plant,SFTC,-1.71,-25.88,0.88,50.44,57.02,n,,,,
SFTC Willow Leaves,,20-Aug,A,food,CPOM/Plant,Plant,SFTC,-3.59,-26.27,2.87,47.95,16.69,n,,,,
Sillet S1,,20-Aug,A,food,Seston,Seston,Skillet,3.71,-26.06,0.44,3.73,8.43,n,,,,
Skill R1A R1B,,20-Aug,A,food,Biofilm,,Skillet,0.55,-23.49,0.25,5.21,6.54,y,,,R1A and R1B averaged. Both below threshold for reliable data. Drift in N gas for R1B.,
Skillet 7.28.21 R1,,21-Jul,A,food,Biofilm,,Skillet,-2.4,-19.6,0.9,6,6.9,n,,,,
Skillet 8.9.21 L,,21-Aug,NA,food,CPOM/Plant,Leaf detritus,Skillet,-6.9,-27.31,1.67,46.67,27.92,n,,,,
Skillet 8.9.21 R1,,21-Aug,NA,food,Biofilm,,Skillet,0.1,-23.2,1.7,10.8,6.3,n,,,,
Skillet F1,,20-Aug,A,food,FPOM,FPOM,Skillet,-2.59,-24.84,0.07,0.68,9.95,n,,,,
Skillet F2,,20-Aug,A,food,FPOM,,Skillet,-1.1,-23.99,0.07,0.66,9.36,n,,,,
Skillet Grass 1,,20-Aug,A,food,CPOM/Plant,Plant,Skillet,-6.86,-27.68,2.78,43.92,15.79,n,,,,
Skillet Grass 2,,20-Aug,A,food,CPOM/Plant,Plant,Skillet,-7.01,-27.09,2.49,42.67,17.16,n,,,,
Skillet L1-L3,,20-Aug,A,food,Seston,,Skillet,,-23.18,,,,y,,,Drift in N refference gas. N is unuseable,
Skillet Monkey,,20-Aug,A,food,CPOM/Plant,Plant,Skillet,-5.1,-28.31,3.71,45.91,12.39,n,,,,
Skillet Paintbrush,,20-Aug,A,food,CPOM/Plant,Plant,Skillet,-6.26,-27.63,2.93,44.66,15.23,n,,,,
Skillet Rush 1,,20-Aug,A,food,CPOM/Plant,Plant,Skillet,-5.49,-26.74,2.22,43.49,19.55,n,,,,
Skillet Rush 2,,20-Aug,A,food,CPOM/Plant,Plant,Skillet,-5.63,-26.23,2.22,44.13,19.91,n,,,,
Skillet Willow L,,20-Aug,A,food,CPOM/Plant,Plant,Skillet,-7.58,-28.67,3.06,46.66,15.27,n,,,,
Skillet Wood,,20-Aug,A,food,Wood,Wood,Skillet,-4.14,-27.37,0.72,56.78,78.99,n,,,,
WC 7.22.21 R1A 0.25,,21-Jul,NA,food,Biofilm,,Wind Cave,-1.9,-10,0.75,12.45,16.55,n,,,Replicates averaged. Replicates outside QAQC tolerance.,
WC 7.22.21 R2A,,21-Jul,NA,food,Biofilm,,Wind Cave,-0.5,-21.4,1.6,18.2,11.7,n,,,,
WC 7.22.21 R3A,,21-Jul,NA,food,Biofilm,,Wind Cave,-1.4,-24.9,2.4,21.1,8.9,n,,,,
WC 8.6.21 L-A,,21-Aug,NA,food,CPOM/Plant,Leaf detritus,Wind Cave,0.29,-30.09,3.79,45.01,11.89,n,,,Replicates averaged,
WC 8.6.21 L-B,,21-Aug,NA,food,CPOM/Plant,Leaf detritus,Wind Cave,-3.32,-28.09,1.76,45.42,25.83,n,,,,
WC 8.6.21 L-C,,21-Aug,NA,food,CPOM/Plant,Leaf detritus,Wind Cave,-0.01,-30.32,2.75,44.33,16.13,n,,,,
WC 8.6.21 R1,,21-Aug,NA,food,Biofilm,,Wind Cave,-1.1,-19.2,1.4,17.3,12.5,n,,,,
WC 8.6.21 R2,,21-Aug,NA,food,Biofilm,,Wind Cave,-0.3,-15.7,1,13.6,13.4,n,,,,
WC 8.6.21 R3 0.5,,21-Aug,NA,food,Biofilm,,Wind Cave,-2.2,-15.2,1.2,17.3,14.1,n,,,,
WC Arnica Yellow,,20-Aug,A,food,CPOM/Plant,Plant,Wind Cave,-2.78,-29.67,3.86,42.88,11.11,n,,,,
WC Aster 1,,20-Aug,A,food,CPOM/Plant,Plant,Wind Cave,-3.43,-30.87,2.69,39.74,14.8,n,,,,
WC Berry Bush,,20-Aug,A,food,CPOM/Plant,Plant,Wind Cave,-0.34,-28.34,2.63,44.1,16.79,n,,,,
WC Bluebells,,20-Aug,A,food,CPOM/Plant,Plant,Wind Cave,-1.84,-31.11,4.31,42.89,9.96,n,,,,
WC F11,,20-Aug,A,food,FPOM,FPOM,Wind Cave,-2.12,-5.97,0.36,10.88,30,n,,,,
WC F2,,20-Aug,A,food,FPOM,FPOM,Wind Cave,-0.37,-9.48,0.24,11.86,49.65,n,,,,
WC F8,,20-Aug,A,food,FPOM,FPOM,Wind Cave,-1.1,,0.36,0.25,0.7,y,,,C peak was too weird.,
WC Fireweed,,20-Aug,A,food,CPOM/Plant,Plant,Wind Cave,-1.08,-30.08,3.34,45.36,13.57,n,,,,
WC Grass 1,,20-Aug,A,food,CPOM/Plant,Plant,Wind Cave,-3.36,-30.66,2.08,43.11,20.72,n,,,,
WC Grass 2,,20-Aug,A,food,CPOM/Plant,Plant,Wind Cave,-1.91,-29.95,2.84,45.15,15.91,n,,,,
WC R1chla R1isos,,20-Aug,A,food,Biofilm,,Wind Cave,-0.49,-24.69,2.44,20.01,8.06,,,,R1chla and R1isos averaged. Per N and C only from R1chla due to suspect weight for R1isos.,
WC R2chla,,20-Aug,A,food,Biofilm,Biofilm,Wind Cave,-0.84,-6.8,0.49,11.13,22.62,n,,,,
WC R3chla,,20-Aug,A,food,Biofilm,Biofilm,Wind Cave,-0.54,-3.37,0.32,10.04,31.76,n,,,,
WC S1 S2,,20-Aug,A,food,Seston,Seston,Wind Cave,-9.51,-14.72,0.53,13.31,25.29,n,,,,
WC S36,,20-Aug,A,food,Seston,,Wind Cave,-0.99,-19.4,1.05,15.43,14.65,y,,,N amplitudes below threshold for reliable data,
WC S5 L1-L3,,20-Aug,A,food,Seston,,Wind Cave,,-12.83,,,,y,,,Drift in N refference gas. N is unuseable,
WC Tall Bluebell,,20-Aug,A,food,CPOM/Plant,Plant,Wind Cave,-3,-30.95,4.23,44.6,10.55,n,,,,
WC Wood,,20-Aug,A,food,Wood,Wood,Wind Cave,-5,-25.27,0.21,49.51,233.18,y,,,N & C Amplitude below threshold for reliable data.,
WC wood,B,20-Aug,A,food,Wood,,Wind Cave,-4.72,-25.11,0.2,49.35,249.25,n,,,,
WC-F9,,20-Aug,A,food,FPOM,FPOM,Wind Cave,-0.54,-1.78,0.35,11.36,32.44,n,,,Potential outlier. Use with caution.,
WC-S4,,20-Aug,A,food,Seston,Seston,Wind Cave,0.28,-14,0.53,12.38,23.31,y,,,low N amplitude for reliable isotopic data.,
Wind Cave White,,20-Aug,A,food,CPOM/Plant,Plant,Wind Cave,-5.44,-26.7,2.97,41.26,13.89,n,,,,
103,A,20-Aug,A,invert,Lednia,,Cloudveil,-1.4,-19.95,10.33,44.08,4.27,n,Consumer,Consumer,,
103,G,20-Aug,A,invert,Lednia,,Cloudveil,-1.19,-19.9,10.09,41.88,4.15,n,Consumer,Consumer,,
106,A,20-Aug,A,invert,Zapada,,Delta,-1.68,-23.31,7.75,39.06,5.04,n,Consumer,Consumer,,
106,B,20-Aug,A,invert,Zapada,,Delta,-1.4,-24.16,8.9,44.52,5,n,Consumer,Consumer,,
106,D,20-Aug,A,invert,Zapada,,Delta,-1.98,-21.71,8.43,43.01,5.1,n,Consumer,Consumer,,
107,,20-Aug,A,invert,Simuliidae,,Delta,0.42,-24.06,9.41,50.57,5.46,n,Consumer,Consumer,,
110,B,20-Aug,A,invert,Acari,,Wind Cave,-0.27,-30.15,9.37,54.22,5.81,n,Consumer,Consumer,,
110,,20-Aug,A,invert,Acari,,Wind Cave,0.77,-33.94,10.29,51.41,5,n,Consumer,Consumer,,
111,A,20-Aug,A,invert,Zapada,,Delta,-1.43,-23.9,7.89,37.4,4.86,n,Consumer,Consumer,,
111,B,20-Aug,A,invert,Zapada,,Delta,-1.46,-23.79,7.96,39.34,4.94,n,Consumer,Consumer,,
111,G,20-Aug,A,invert,Zapada,,Delta,-0.98,-23.28,8.67,40.67,4.69,n,Consumer,Consumer,,
112,A,20-Aug,A,invert,Allomyia,,Delta,-1.6,-22.51,9.49,45.19,4.76,n,Consumer,Baseline2,,
112,B,20-Aug,A,invert,Allomyia,,Delta,-1.38,-22.93,8.41,38.73,4.61,n,Consumer,Baseline2,,
115,,20-Aug,A,invert,Simuliidae,,Cloudveil,0.13,-21.7,6.62,35.78,5.51,n,Consumer,Consumer,,
116,A,20-Aug,A,invert,Lednia,,Cloudveil,-0.64,-21.2,9.94,42.22,4.25,n,Consumer,Consumer,,
116,B,20-Aug,A,invert,Lednia,,Cloudveil,-0.64,-20.85,10.43,46.28,4.44,n,Consumer,Consumer,,
117,A,20-Aug,A,invert,Lednia,,Cloudveil,-1.69,-20.72,10.51,41.87,3.99,n,Consumer,Consumer,,
117,G,20-Aug,A,invert,Lednia,,Cloudveil,-1.73,-20.86,10.5,44.72,4.26,n,Consumer,Consumer,,
120,,20-Aug,A,invert,Megarcys,,Cloudveil,2.85,-20.1,10.93,49.89,4.56,n,Consumer,Consumer,,
122,B,20-Aug,A,invert,Rhyacophila,,Delta,-0.11,-22.03,9.28,43.27,4.66,n,Consumer,Consumer,,
122,A,20-Aug,A,invert,Rhyacophila,,Delta,0.52,-21.69,11.09,48.01,4.33,n,Consumer,Consumer,,
126,,20-Aug,A,invert,Heterocloeon,,Cloudveil,-2.22,-21.56,11.73,45.56,3.88,n,Consumer,Baseline2,,
127,,20-Aug,A,invert,Ameletidae,,Cloudveil,2.12,-20.99,11.86,48.25,4.12,n,Consumer,Consumer,,
131,,20-Aug,A,invert,Turbellaria,,Cloudveil,4.32,-21.87,11.74,51.05,4.35,n,Consumer,Consumer,,
133,,20-Aug,A,invert,Zapada,,Cloudveil,-1.52,-20.03,10.18,43.72,4.29,n,Consumer,Consumer,,
134,,20-Aug,A,invert,Megarcys,,Cloudveil,2.16,-20.63,10.77,49.45,4.59,n,Consumer,Consumer,,
137,,20-Aug,A,invert,Megarcys,,Wind Cave,1.96,-31.32,9.78,48.02,4.91,n,Consumer,Consumer,,
137,,20-Aug,A,invert,Megarcys,,Wind Cave,0,-23.58,8.04,48.64,6.05,n,Consumer,Consumer,,
142,,20-Aug,A,invert,Rhyacophila,,Wind Cave,3.73,-25.41,11.69,44.45,3.8,n,Consumer,Consumer,,
143,,20-Aug,A,invert,Lednia,,Wind Cave,0.57,-33.39,9.77,47.38,4.85,n,Consumer,Consumer,,
149,A,20-Aug,A,invert,Lednia,,Cloudveil,-0.83,-21.36,10.04,43.66,4.35,n,Consumer,Consumer,,
149,B,20-Aug,A,invert,Lednia,,Cloudveil,-1.03,-21.36,11.83,49.51,4.19,n,Consumer,Consumer,,
156,,20-Aug,A,invert,Megarcys,,Cloudveil,2.46,-20.55,11.93,47.67,4,n,Consumer,Consumer,,
171,A,20-Aug,A,invert,Simuliidae,,Skillet,0.05,-23.54,8.36,46.9,5.61,n,Consumer,Consumer,,
171,B,20-Aug,A,invert,Simuliidae,,Skillet,0.18,-23.61,8.04,43.93,5.47,n,Consumer,Consumer,,
171,E,20-Aug,A,invert,Simuliidae,,Skillet,0.63,-22.73,8.23,42.82,5.2,n,Consumer,Consumer,,
171,F,20-Aug,A,invert,Simuliidae,,Skillet,0.46,-23.92,7.17,42.7,5.95,n,Consumer,Consumer,,
171,G,20-Aug,A,invert,Simuliidae,,Skillet,0.54,-23.48,8.21,44.74,5.45,n,Consumer,Consumer,,
171,H,20-Aug,A,invert,Simuliidae,,Skillet,0.28,-23.45,7.62,41.12,5.4,n,Consumer,Consumer,,
173,,20-Aug,A,invert,Rhyacophila,,Skillet,2.02,-24.38,8.79,54.81,6.23,n,Consumer,Consumer,,
174,,20-Aug,A,invert,Megarcys,,Delta,0.58,-23.11,9.5,49.75,5.24,n,Consumer,Consumer,,
175,,20-Aug,A,invert,Agathon,,Skillet,1.29,-24.51,9.87,46.92,4.87,n,Consumer,Consumer,,
177,,20-Aug,A,invert,Tipula,,Delta,-3.63,-24.77,10.59,41.85,3.95,n,Consumer,Consumer,,
179,A,20-Aug,A,invert,Midges,,Skillet,1.42,-22.94,8.8,53.84,6.12,n,Baseline,Baseline,,
179,B,20-Aug,A,invert,Midges,,Skillet,0.14,-25.34,8.56,50.13,5.85,n,Baseline,Baseline,,
181,A,20-Aug,A,invert,Ameletidae,,Delta,-0.87,-22.26,9.52,54.08,5.68,n,Consumer,Consumer,Replicates averaged,
181,B,20-Aug,A,invert,Ameletidae,,Delta,-1.04,-25.21,9.29,54.43,5.86,n,Consumer,Consumer,,
182,A,20-Aug,A,invert,Lednia,,Skillet,0.01,-23.02,9.19,43.91,4.78,n,Consumer,Consumer,,
182,B,20-Aug,A,invert,Lednia,,Skillet,0.28,-24.05,9.75,41.22,4.23,n,Consumer,Consumer,,
182,C,20-Aug,A,invert,Lednia,,Skillet,-0.16,-22.17,9.8,47.45,4.84,n,Consumer,Consumer,,
187,A,20-Aug,A,invert,Midges,,Skillet,1.59,-24.22,8.46,54.22,6.41,n,Baseline,Baseline,,
187,B,20-Aug,A,invert,Midges,,Skillet,0.95,-25.87,7.78,49.56,6.37,n,Baseline,Baseline,,
187,F,20-Aug,A,invert,Midges,,Skillet,0.96,-25.22,8.72,51.09,5.86,n,Baseline,Baseline,,
187,G,20-Aug,A,invert,Midges,,Skillet,0.94,-24.85,8.65,49.88,5.77,n,Baseline,Baseline,,
187,C,20-Aug,A,invert,Midges,,Skillet,0.92,-25.21,8.62,51.09,5.93,n,Baseline,Baseline,,
187,D,20-Aug,A,invert,Midges,,Skillet,0.72,-24.28,9.6,47.2,4.92,n,Baseline,Baseline,,
188,,20-Aug,A,invert,BaetidAmeletid,,Gusher,-1.89,-24.74,10.51,53.73,5.11,n,Consumer,Consumer,,
193,A,20-Aug,A,invert,Midges,,Gusher,-3.67,-27.86,9.26,51.98,5.61,n,Baseline,Baseline,,
193,B,20-Aug,A,invert,Midges,,Gusher,-3.6,-27.21,9.55,49.99,5.23,n,Baseline,Baseline,,
193,C,20-Aug,A,invert,Midges,,Gusher,-3.66,-27.42,9.47,51.17,5.41,n,Baseline,Baseline,,
193,D,20-Aug,A,invert,Midges,,Gusher,-3.49,-27.46,9.53,52.53,5.51,n,Baseline,Baseline,,
193,E,20-Aug,A,invert,Midges,,Gusher,-3.66,-27.24,9.37,49.65,5.3,n,Baseline,Baseline,,
193,F,20-Aug,A,invert,Midges,,Gusher,-3.73,-27.42,8.81,49.06,5.57,n,Baseline,Baseline,,
193,G,20-Aug,A,invert,Midges,,Gusher,-4.42,-26.43,10.04,52.97,5.28,n,Baseline,Baseline,,
194,A,20-Aug,A,invert,Lednia,,Skillet,-0.24,-22.81,9.93,45.12,4.66,n,Consumer,Consumer,,
194,B,20-Aug,A,invert,Lednia,,Skillet,0.22,-22.79,9.67,49.54,5.24,n,Consumer,Consumer,,
194,C,20-Aug,A,invert,Lednia,,Skillet,0.18,-23,8.93,39.45,4.42,n,Consumer,Consumer,,
195,B,20-Aug,A,invert,Lednia,,Delta,-1.41,-23.24,9,47.01,5.22,n,Consumer,Consumer,,
195,A,20-Aug,A,invert,Lednia,,Delta,-0.43,-24.36,10.46,48.54,4.64,n,Consumer,Consumer,,
195,G,20-Aug,A,invert,Lednia,,Delta,-0.22,-24.09,10.3,48.16,4.68,n,Consumer,Consumer,,
196,A,20-Aug,A,invert,Simuliidae,,Gusher,-2.65,-27.13,8.9,51.17,5.75,n,Consumer,Baseline2,,
197,,20-Aug,A,invert,Megarcys,,Delta,0.57,-22.84,9.86,50.27,5.1,n,Consumer,Consumer,,
198,,20-Aug,A,invert,Zapada,,Gusher,-3.46,-24.06,9.03,43.84,4.86,n,Consumer,Consumer,,
200,,20-Aug,A,invert,Megarcys,,Gusher,-2.87,-25.18,10.7,44.25,4.14,n,Consumer,Consumer,,
201,A,20-Aug,A,invert,Zapada,,Gusher,-3.72,-23.63,9.86,50.98,5.17,n,Consumer,Consumer,,
201,B,20-Aug,A,invert,Zapada,,Gusher,-3.66,-24.69,8.82,45.47,5.15,n,Consumer,Consumer,,
201,C,20-Aug,A,invert,Zapada,,Gusher,-3.54,-24.51,9.95,43.89,4.41,n,Consumer,Consumer,,
201,D,20-Aug,A,invert,Zapada,,Gusher,-3.64,-24.77,8.19,40.23,4.91,n,Consumer,Consumer,,
203,A,20-Aug,A,invert,Allomyia,,Skillet,0.39,-23.16,10.17,49.06,4.9,n,Consumer,Baseline2,,
203,B,20-Aug,A,invert,Allomyia,,Skillet,-1,-22.17,9.64,50.32,5.3,n,Consumer,Baseline2,,
203,B,20-Aug,A,invert,Allomyia,,Skillet,1.05,-23.52,8.24,53.87,6.54,n,Consumer,Baseline2,,
203,C,20-Aug,A,invert,Allomyia,,Skillet,0.76,-22.72,5.71,34.27,6,n,Consumer,Baseline2,,
203,D,20-Aug,A,invert,Allomyia,,Skillet,1.09,-23.92,8.83,53.81,6.09,n,Consumer,Baseline2,,
204,C,20-Aug,A,invert,Rhyacophila,,Skillet,1.03,-23.7,9.94,52.37,5.36,n,Consumer,Consumer,,
204,B,20-Aug,A,invert,Rhyacophila,,Skillet,0.92,-22.1,11.14,48.08,4.32,n,Consumer,Consumer,,
204,A,20-Aug,A,invert,Rhyacophila,,Skillet,1.22,-23.65,10.8,49.12,4.55,n,Consumer,Consumer,,
205,,20-Aug,A,invert,Rhyacophila,,Skillet,2.03,-23.77,9.68,54.4,5.62,n,Consumer,Consumer,,
211,A,20-Aug,A,invert,Lednia,,Gusher,-3.6,-26.25,9.58,48.57,5.07,n,Consumer,Consumer,,
211,B,20-Aug,A,invert,Lednia,,Gusher,-3.84,-26.57,9.09,50.77,5.58,n,Consumer,Consumer,,
211,C,20-Aug,A,invert,Lednia,,Gusher,-3.43,-25.88,9.85,49.19,4.99,n,Consumer,Consumer,,
213,A,20-Aug,A,invert,Turbellaria,,Gusher,1.17,-26.03,9.54,58.27,6.11,n,Consumer,Consumer,,
213,B,20-Aug,A,invert,Turbellaria,,Gusher,0.7,-24.68,11.02,50.49,4.58,n,Consumer,Consumer,,
213,C,20-Aug,A,invert,Turbellaria,,Gusher,0.78,-25.84,9.43,53.84,5.71,n,Consumer,Consumer,Replicates averaged,
224,A,20-Aug,A,invert,Homophylax,,Paintbrush,-0.64,-23.89,7.03,50.4,7.17,n,Consumer,Consumer,,
224,B,20-Aug,A,invert,Homophylax,,Paintbrush,-0.82,-24.22,6.45,46.98,7.28,n,Consumer,Consumer,,
236,,20-Aug,A,invert,Lednia,,Paintbrush,-1.26,-22.24,9.57,50.05,5.23,n,Consumer,Consumer,,
258,,20-Aug,A,invert,Megarcys,,Delta,0.04,-22.39,9.75,48.72,4.99,n,Consumer,Consumer,,
261,B,20-Aug,A,invert,Rhyacophila,,Delta,-0.31,-21.81,10.74,49.22,4.58,n,Consumer,Consumer,Replicates averaged,
261,A,20-Aug,A,invert,Rhyacophila,,Delta,0.58,-21.68,11.13,47.5,4.27,n,Consumer,Consumer,,
262,A,20-Aug,A,invert,Lednia,,Delta,1.2,-25.18,10.62,51.12,4.88,n,Consumer,Consumer,,
262,B,20-Aug,A,invert,Lednia,,Delta,-0.93,-23.55,10.25,52.76,5.21,n,Consumer,Consumer,,
262,G,20-Aug,A,invert,Lednia,,Delta,1.15,-24.4,10.39,49.06,4.72,n,Consumer,Consumer,,
265,,20-Aug,A,invert,Megarcys,,Delta,0.84,-22.68,10.26,48.99,4.77,n,Consumer,Consumer,,
266,A,20-Aug,A,invert,Megarcys,,Delta,-0.46,-21.96,9.88,45.94,4.65,n,Consumer,Consumer,,
266,B,20-Aug,A,invert,Megarcys,,Delta,-0.17,-22.12,7.79,32.36,4.15,n,Consumer,Consumer,,
268,A,20-Aug,A,invert,Rhyacophila,,Delta,0.93,-21.76,10.48,45.28,4.32,n,Consumer,Consumer,,
270,A,20-Aug,A,invert,Zapada,,Delta,-0.98,-23.65,8.71,42.02,4.92,n,Consumer,Consumer,Replicates averaged,
270,B,20-Aug,A,invert,Zapada,,Delta,-0.61,-24.52,8.14,41.89,5.15,n,Consumer,Consumer,,
271,,20-Aug,A,invert,Rhyacophila,,Delta,0.07,-24.57,9.05,53.37,5.9,n,Consumer,Consumer,,
278,B,20-Aug,A,invert,Zapada,,Delta,-0.3,-23.24,9.55,43.2,4.52,n,Consumer,Consumer,,
279,A,20-Aug,A,invert,Homophylax,,Grizzly,0.16,-24.12,7.64,44.59,5.84,n,Baseline,Baseline,,
279,B,20-Aug,A,invert,Homophylax,,Grizzly,-0.34,-23.51,7.8,47.46,6.09,n,Baseline,Baseline,,
279,C,20-Aug,A,invert,Homophylax,,Grizzly,-0.29,-23.54,8.24,45.3,5.5,n,Baseline,Baseline,,
280,,20-Aug,A,invert,Megarcys,,Delta,0.26,-22.08,10.55,49.02,4.65,n,Consumer,Consumer,,
281,,20-Aug,A,invert,Homophylax,,Delta,-0.25,-24.27,10.66,40.85,3.9,n,Consumer,Consumer,,
291,,20-Aug,A,invert,Allomyia,,Wind Cave,-0.96,-34.76,6.55,48.47,7.44,n,Consumer,Baseline2,,
298,B,20-Aug,A,invert,Baetidae,,Delta,1.87,-22.5,10.56,49.85,4.84,n,Consumer,Consumer,,
298,A,20-Aug,A,invert,Baetidae,,Delta,-0.56,-20.98,11.55,47.15,4.08,n,Consumer,Consumer,,
299,A,20-Aug,A,invert,Turbellaria,,Wind Cave,4.81,-32.14,9.81,53.67,5.47,n,Consumer,Consumer,,
299,B,20-Aug,A,invert,Turbellaria,,Wind Cave,4.83,-32.02,9.39,52.66,5.61,n,Consumer,Consumer,,
300,A,20-Aug,A,invert,Homophylax,,Grizzly,-0.47,-23.74,8.35,46.6,5.62,n,Baseline,Baseline,,
300,B,20-Aug,A,invert,Homophylax,,Grizzly,-0.27,-24.87,7.72,48.98,6.39,n,Baseline,Baseline,,
300,C,20-Aug,A,invert,Homophylax,,Grizzly,-0.19,-24.37,6.88,44.77,6.56,n,Baseline,Baseline,,
300,D,20-Aug,A,invert,Homophylax,,Grizzly,-0.07,-24.91,7.19,45.66,6.35,n,Baseline,Baseline,Replicates averaged,
303,,20-Aug,A,invert,Clinocera,,Wind Cave,1.76,-32.37,9.65,51.63,5.35,n,Consumer,Consumer,,
305,A,20-Aug,A,invert,Midges,,Wind Cave,-1.33,-35.37,8.72,55.52,6.49,n,Baseline,Baseline,,
305,B,20-Aug,A,invert,Midges,,Wind Cave,-1.29,-34.12,9.68,53.15,5.62,n,Baseline,Baseline,,
305,C,20-Aug,A,invert,Midges,,Wind Cave,-1.19,-30.19,9.64,52.78,5.61,n,Baseline,Baseline,,
305,G,20-Aug,A,invert,Midges,,Wind Cave,-1.09,-34.37,9.2,52.34,5.69,n,Baseline,Baseline,,
306,A,20-Aug,A,invert,Zapada,,Wind Cave,0.27,-31.76,9,42.02,4.67,n,Consumer,Consumer,,
306,B,20-Aug,A,invert,Zapada,,Wind Cave,0.18,-32.93,9.54,47.89,5.02,n,Consumer,Consumer,,
306,C,20-Aug,A,invert,Zapada,,Wind Cave,-0.01,-32.26,9,46.55,5.17,n,Consumer,Consumer,,
310,A,20-Aug,A,invert,Simuliidae,,Wind Cave,-0.11,-32.79,10.75,48.27,4.49,n,Consumer,Consumer,,
316,A,20-Aug,A,invert,Simuliidae,,NFTC,-0.38,-21.09,10.65,49.27,4.7,n,Consumer,Consumer,,
316,B,20-Aug,A,invert,Simuliidae,,NFTC,-0.14,-20.71,10.46,50.74,4.92,n,Consumer,Consumer,,
316,C,20-Aug,A,invert,Simuliidae,,NFTC,-0.44,-21.57,10.43,48.99,4.7,n,Consumer,Consumer,,
318,,20-Aug,A,invert,Tipula,,NFTC,-2.74,-15.23,10.52,43.68,4.15,n,Consumer,Consumer,,
319,,20-Aug,A,invert,Megarcys,,NFTC,1.08,-25.7,10.32,48.17,4.67,n,Consumer,Consumer,,
320,,20-Aug,A,invert,Homophylax,,NFTC,-1.12,-23.19,8.61,46.56,5.46,n,Consumer,Baseline2,,
325,A,20-Aug,A,invert,Homophylax,,NFTC,-0.46,-20.86,7.45,44.29,6,n,Consumer,Baseline2,,
325,B,20-Aug,A,invert,Homophylax,,NFTC,-0.71,-20.58,6.98,43.63,6.33,n,Consumer,Baseline2,Replicates averaged,
326,A,20-Aug,A,invert,Turbellaria,,NFTC,4.66,-24.8,7.44,57.78,7.77,n,Consumer,Consumer,,
326,B,20-Aug,A,invert,Turbellaria,,NFTC,4.44,-23.39,8.89,52.19,5.87,n,Consumer,Consumer,,
326,C,20-Aug,A,invert,Turbellaria,,NFTC,4.49,-23.6,8.45,50.54,5.98,n,Consumer,Consumer,,
329,,20-Aug,A,invert,Megarcys,,NFTC,-0.5,-22.53,10.81,46.63,4.31,n,Consumer,Consumer,,
329,B,20-Aug,A,invert,Megarcys,,NFTC,-0.35,-22.4,11.5,47.93,4.17,n,Consumer,Consumer,,
333,,20-Aug,A,invert,Allomyia,,NFTC,-1.65,-22.16,9.69,45.63,4.71,n,Consumer,Consumer,,
335,,20-Aug,A,invert,Rhyacophila,,NFTC,-0.48,-20.79,10.38,48.56,4.68,n,Consumer,Consumer,,
336,,20-Aug,A,invert,Rhyacophila,,Wind Cave,2.15,-32.96,9.23,53.91,5.97,n,Consumer,Consumer,,
337,A,20-Aug,A,invert,Megarcys,,Wind Cave,0.38,-33.4,9.63,44.89,4.66,n,Consumer,Consumer,,
337,B,20-Aug,A,invert,Megarcys,,Wind Cave,-0.16,-32.61,10.03,45.12,4.5,n,Consumer,Consumer,,
338,A,20-Aug,A,invert,Zapada,,Wind Cave,-0.2,-32.6,10.33,47.86,4.67,n,Consumer,Consumer,,
338,B,20-Aug,A,invert,Zapada,,Wind Cave,0.03,-32.45,8.53,47.74,5.6,n,Consumer,Consumer,,
340,,20-Aug,A,invert,Allomyia,,Wind Cave,-0.36,-33,8.64,45.14,5.28,n,Consumer,Baseline2,,
341,A,20-Aug,A,invert,Zapada,,Wind Cave,-0.17,-32.11,10.26,49.24,4.83,n,Consumer,Consumer,,
341,B,20-Aug,A,invert,Zapada,,Wind Cave,-0.08,-31.98,9.66,45.2,4.68,n,Consumer,Consumer,,
341,C,20-Aug,A,invert,Zapada,,Wind Cave,0.07,-31.6,9.71,50.68,5.22,n,Consumer,Consumer,,
343,,20-Aug,A,invert,Megarcys,,Wind Cave,2.41,-30.48,9.59,49.11,5.25,n,Consumer,Consumer,,
348,B,20-Aug,A,invert,Zapada,,Wind Cave,-0.19,-35.69,10.45,50.6,4.87,n,Consumer,Consumer,,
348,A,20-Aug,A,invert,Zapada,,Wind Cave,-0.17,-34.95,9.76,48.98,5.02,n,Consumer,Consumer,,
348,C,20-Aug,A,invert,Zapada,,Wind Cave,-0.28,-35.03,10.22,49.74,4.87,n,Consumer,Consumer,,
352,,20-Aug,A,invert,Megarcys,,Wind Cave,2,-32.07,9.69,50.15,5.18,n,Consumer,Consumer,,
354,A,20-Aug,A,invert,Midges,,Delta,-3.17,-23.11,7.63,50.12,6.66,n,Baseline,Baseline,,
354,B,20-Aug,A,invert,Midges,,Delta,-2.86,-23.93,9.15,49.92,5.54,n,Baseline,Baseline,,
354,C,20-Aug,A,invert,Midges,,Delta,-2.74,-23.52,8.1,50.84,6.38,n,Baseline,Baseline,,
355,A,20-Aug,A,invert,Midges,,Delta,-2.63,-23.39,8.28,54.68,6.6,n,Baseline,Baseline,,
355,B,20-Aug,A,invert,Midges,,Delta,-3.16,-23.11,7.85,46.16,5.88,n,Baseline,Baseline,,
357,B,20-Aug,A,invert,Megarcys,,Wind Cave,0.33,-31.43,9.72,44.68,4.64,n,Consumer,Consumer,,
357,A,20-Aug,A,invert,Megarcys,,Wind Cave,0.34,-29.95,10.5,46.5,4.43,n,Consumer,Consumer,,
359,B,20-Aug,A,invert,Megarcys,,Wind Cave,-0.1,-30.78,10.4,45.24,4.35,n,Consumer,Consumer,,
359,A,20-Aug,A,invert,Megarcys,,Wind Cave,-0.26,-32.5,9.38,44.06,4.7,n,Consumer,Consumer,,
360,A,20-Aug,A,invert,Rhyacophila,,Wind Cave,3.28,-28.36,8.97,39.7,4.47,n,Consumer,Consumer,,
360,,20-Aug,A,invert,Rhyacophila,,Wind Cave,2.13,-31.28,11.71,47.43,4.05,n,Consumer,Consumer,,
363,A,20-Aug,A,invert,Zapada,,Wind Cave,-0.07,-31.93,9.87,51.33,5.22,n,Consumer,Consumer,,
363,B,20-Aug,A,invert,Zapada,,Wind Cave,-0.13,-30.02,9.9,50.51,5.1,n,Consumer,Consumer,,
363,C,20-Aug,A,invert,Zapada,,Wind Cave,0.36,-33.66,9.36,50.52,5.4,n,Consumer,Consumer,,
364,A,20-Aug,A,invert,Rhyacophila,,Wind Cave,2.69,-30.9,10.87,47.86,4.4,n,Consumer,Consumer,,
364,B,20-Aug,A,invert,Rhyacophila,,Wind Cave,2.52,-33.79,10.54,51.56,4.89,n,Consumer,Consumer,,
364,C,20-Aug,A,invert,Rhyacophila,,Wind Cave,2.44,-31.03,10.98,49.9,4.54,n,Consumer,Consumer,,
364,D,20-Aug,A,invert,Rhyacophila,,Wind Cave,2.08,-32.27,11.44,47.05,4.11,n,Consumer,Consumer,,
568,A,20-Aug,A,invert,Allomyia,,SFTC,0.55,-26.51,8.35,50.75,6.08,n,Consumer,Baseline2,,
568,B,20-Aug,A,invert,Allomyia,,SFTC,0.4,-25.83,9.22,51.58,5.6,n,Consumer,Baseline2,,
535,A,20-Aug,A,invert,Baetidae,,SFTC,1.11,-24.41,11.88,49.82,4.28,n,Consumer,Consumer,,
561,B,20-Aug,A,invert,Baetidae,,SFTC,1.08,-23.29,10.12,50.16,4.96,n,Consumer,Consumer,Replicates averaged,
561,A,20-Aug,A,invert,Baetidae,,SFTC,0.91,-22.24,9.76,50.31,5.16,n,Consumer,Consumer,,
563,,20-Aug,A,invert,Baetidae,,SFTC,0.91,-22.79,10.55,51.2,4.85,n,Consumer,Consumer,,
551,,20-Aug,A,invert,Cinygmula,,SFTC,1.11,-24.39,9.68,50.53,5.22,n,Consumer,Consumer,,
552,A,20-Aug,A,invert,Cinygmula,,SFTC,0.95,-25.06,8.08,43.59,5.39,n,Consumer,Consumer,,
552,B,20-Aug,A,invert,Cinygmula,,SFTC,1.33,-24.82,9.89,52.69,5.33,n,Consumer,Consumer,,
553,A,20-Aug,A,invert,Cinygmula,,SFTC,0.83,-24.62,9.79,52.88,5.4,n,Consumer,Consumer,,
553,B,20-Aug,A,invert,Cinygmula,,SFTC,0.85,-25.34,9.48,49.07,5.18,n,Consumer,Consumer,,
801,A,20-Aug,A,invert,Cinygmula,,SFTC,0.51,-26.43,9.34,50.23,5.38,n,Consumer,Consumer,,
801,B,20-Aug,A,invert,Cinygmula,,SFTC,0.55,-26.69,9.12,48.66,5.34,n,Consumer,Consumer,,
554,B,20-Aug,A,invert,Epeorus,,SFTC,0.4,-26.08,10.65,46.3,4.35,n,Consumer,Consumer,,
554,A,20-Aug,A,invert,Epeorus,,SFTC,0.89,-24.69,9.98,51.27,5.14,n,Consumer,Consumer,,
555,A,20-Aug,A,invert,Epeorus,,SFTC,0.51,-23.88,10.44,50.97,5.01,n,Consumer,Consumer,,
555,B,20-Aug,A,invert,Epeorus,,SFTC,0.43,-23.04,9.97,50.03,5.15,n,Consumer,Consumer,Replicates averaged,
802,A,20-Aug,A,invert,Epeorus,,SFTC,-0.51,-26.63,9.11,53.9,5.92,n,Consumer,Consumer,,
5005,,20-Aug,A,invert,Epeorus,,SFTC,1.75,-25.51,10.34,53.48,5.17,n,Consumer,Consumer,,
5006,,20-Aug,A,invert,Epeorus,,SFTC,2.03,-27.07,9.65,54.25,5.62,n,Consumer,Consumer,,
5012,A,20-Aug,A,invert,Epeorus,,SFTC,0.51,-25.35,9.66,47.58,4.92,n,Consumer,Consumer,,
5012,B,20-Aug,A,invert,Epeorus,,SFTC,0.58,-25.33,10.64,51.27,4.82,n,Consumer,Consumer,,
566,A,20-Aug,A,invert,Megarcys,,SFTC,1.09,-22.61,9.43,47.47,5.03,n,Consumer,Consumer,,
566,B,20-Aug,A,invert,Megarcys,,SFTC,1.24,-23.25,10.64,46.93,4.41,n,Consumer,Consumer,,
562,A,20-Aug,A,invert,Midges,,SFTC,-0.13,-18.47,9.85,51.34,5.21,n,Baseline,Baseline,,
562,B,20-Aug,A,invert,Midges,,SFTC,0.09,-23.77,9.52,51.66,5.43,n,Baseline,Baseline,,
562,C,20-Aug,A,invert,Midges,,SFTC,-0.22,-22.52,9.97,52.72,5.29,n,Baseline,Baseline,,
562,D,20-Aug,A,invert,Midges,,SFTC,0.03,-23.97,9.45,52.9,5.6,n,Baseline,Baseline,,
562,E,20-Aug,A,invert,Midges,,SFTC,-0.23,-23.72,9.29,51.34,5.53,n,Baseline,Baseline,,
562,F,20-Aug,A,invert,Midges,,SFTC,-0.33,-22.53,9.62,53.19,5.53,n,Baseline,Baseline,,
562,G,20-Aug,A,invert,Midges,,SFTC,-0.29,-21.9,9.25,52.15,5.63,n,Baseline,Baseline,,
558,A,20-Aug,A,invert,Turbellaria,,SFTC,4.84,-24.08,9.58,49.93,5.21,n,Consumer,Consumer,,
558,B,20-Aug,A,invert,Turbellaria,,SFTC,4.81,-24.04,9.68,49.46,5.11,n,Consumer,Consumer,,
558,C,20-Aug,A,invert,Turbellaria,,SFTC,4.69,-24.47,9.29,50.23,5.4,n,Consumer,Consumer,,
537,,20-Aug,A,invert,Rhyacophila,,SFTC,2.29,-23.52,10.02,50.36,5.03,n,Consumer,Consumer,,
564,,20-Aug,A,invert,Rhyacophila,,SFTC,3.08,-23.71,10.38,46.75,4.5,n,Consumer,Consumer,,
671,,20-Aug,A,invert,Rhyacophila,,SFTC,2.99,-23.45,9.61,52.52,5.46,n,Consumer,Consumer,,
671,,20-Aug,A,invert,Rhyacophila,,SFTC,-0.16,-23.8,8.19,50.24,6.14,n,Consumer,Consumer,,
5002,,20-Aug,A,invert,Rhyacophila,,SFTC,2.9,-23.47,10.61,52.54,4.95,n,Consumer,Consumer,,
5008,A,20-Aug,A,invert,Rhyacophila,,SFTC,2.19,-24.12,12.02,49.15,4.09,n,Consumer,Consumer,,
6011,A,20-Aug,A,invert,Simuliidae,,SFTC,0.88,-24.27,10.06,50.71,5.04,n,Consumer,Consumer,,
6011,B,20-Aug,A,invert,Simuliidae,,SFTC,0.47,-24.34,9.88,50.57,5.12,n,Consumer,Consumer,,
600,,20-Aug,A,invert,Megarcys,,AK Basin,2.87,-30.13,8.85,47.02,5.31,n,Consumer,Consumer,,
601,A,20-Aug,A,invert,Megarcys,,AK Basin,2.65,-26.66,10.04,48.62,4.84,n,Consumer,Consumer,,
601,B,20-Aug,A,invert,Megarcys,,AK Basin,2.45,-29.4,9.65,50.23,5.2,n,Consumer,Consumer,,
602,A,20-Aug,A,invert,Megarcys,,AK Basin,3,-25.65,9.26,49.3,5.32,n,Consumer,Consumer,,
602,,20-Aug,A,invert,Megarcys,,AK Basin,2.9,-26.86,9.29,48.37,5.21,n,Consumer,Consumer,Replicates averaged,
605,A,20-Aug,A,invert,Sweltsa,,AK Basin,3.53,-29.37,10.77,52.6,4.88,n,Consumer,Consumer,,
605,B,20-Aug,A,invert,Sweltsa,,AK Basin,4.26,-26.44,9.3,49.12,5.28,n,Consumer,Consumer,,
605,C,20-Aug,A,invert,Sweltsa,,AK Basin,2.23,-32.58,9.62,52.18,5.42,n,Consumer,Consumer,,
605,D,20-Aug,A,invert,Sweltsa,,AK Basin,2.44,-31.4,9.74,48.93,5.02,n,Consumer,Consumer,,
606,A,20-Aug,A,invert,Tipula,,AK Basin,-0.62,-31.81,9.28,44.91,4.84,n,Consumer,Consumer,Replicates averaged,
606,B,20-Aug,A,invert,Tipula,,AK Basin,-0.71,-30.45,9.92,45.83,4.62,n,Consumer,Consumer,,
606,C,20-Aug,A,invert,Tipula,,AK Basin,-0.99,-31.08,9.64,43.99,4.56,n,Consumer,Consumer,,
608,B,20-Aug,A,invert,Baetidae,,AK Basin,1.13,-29.98,10.57,47.97,4.54,n,Consumer,Consumer,Replicates averaged,
608,A,20-Aug,A,invert,Baetidae,,AK Basin,1.45,-32.16,10.76,46.14,4.29,n,Consumer,Consumer,,
609,A,20-Aug,A,invert,Allomyia,,AK Basin,-0.14,-33.97,10.29,48.99,4.76,n,Baseline,Baseline,,
609,B,20-Aug,A,invert,Allomyia,,AK Basin,-0.21,-33.69,9.71,50.19,5.17,n,Baseline,Baseline,,
609,C,20-Aug,A,invert,Allomyia,,AK Basin,-0.61,-34.83,9.55,47.8,5.01,n,Baseline,Baseline,,
610,A,20-Aug,A,invert,Baetidae,,AK Basin,1.78,-28.68,10.65,43.29,4.06,n,Consumer,Consumer,,
610,D,20-Aug,A,invert,Baetidae,,AK Basin,1.61,-30.03,10.95,45.15,4.12,n,Consumer,Consumer,,
611,A,20-Aug,A,invert,Zapada,,AK Basin,-0.24,-31.77,9.57,40.24,4.2,n,Consumer,Consumer,,
611,B,20-Aug,A,invert,Zapada,,AK Basin,-0.04,-32.74,9.53,43.47,4.56,n,Consumer,Consumer,,
611,C,20-Aug,A,invert,Zapada,,AK Basin,0.05,-28.9,9.11,41.41,4.54,n,Consumer,Consumer,,
611,E,20-Aug,A,invert,Zapada,,AK Basin,-0.11,-31.91,9.19,44.2,4.81,n,Consumer,Consumer,Replicates averaged,
611,D,20-Aug,A,invert,Zapada,,AK Basin,0.21,-31.95,10.3,42.91,4.17,n,Consumer,Consumer,,
612,A,20-Aug,A,invert,Heptageniidae,,AK Basin,0.53,-32.47,10.26,48.5,4.73,n,Consumer,Baseline2,,
612,B,20-Aug,A,invert,Heptageniidae,,AK Basin,0.21,-32.46,11,46.14,4.2,n,Consumer,Baseline2,,
613,,20-Aug,A,invert,Homophylax,,AK Basin,0.8,-29.04,11.88,47.44,3.99,n,Consumer,Consumer,,
6011,C,20-Aug,A,invert,Simuliidae,,SFTC,1.03,-24.83,10.26,53.2,5.18,n,Consumer,Consumer,,
6011,D,20-Aug,A,invert,Simuliidae,,SFTC,0.9,-24.7,10.27,50.74,4.94,n,Consumer,Consumer,,
6011,E,20-Aug,A,invert,Simuliidae,,SFTC,0.82,-24.58,9.96,49.88,5.01,n,Consumer,Consumer,,
6011,F,20-Aug,A,invert,Simuliidae,,SFTC,0.81,-24.8,9.87,50.5,5.12,n,Consumer,Consumer,,
536,A,20-Aug,A,invert,Sweltsa,,SFTC,2.94,-24.4,10.33,51.88,5.1,n,Consumer,Consumer,,
536,B,20-Aug,A,invert,Sweltsa,,SFTC,3,-23.54,10.7,47.4,4.51,n,Consumer,Consumer,,
800,B,20-Aug,A,invert,Midges,,Cloudveil,-1.54,-21.19,10.61,46.9,4.42,n,Baseline,Baseline,,
800,C,20-Aug,A,invert,Midges,,Cloudveil,-1.8,-21.65,9.99,44.44,4.45,n,Baseline,Baseline,,
800,A,20-Aug,A,invert,Midges,,Cloudveil,-1.62,-21.09,9.6,44.39,4.63,n,Baseline,Baseline,Replicates averaged,
800,D,20-Aug,A,invert,Midges,,Cloudveil,-1.94,-22.1,10.42,46.47,4.46,n,Baseline,Baseline,,
800,E,20-Aug,A,invert,Midges,,Cloudveil,-1.55,-20.64,9.95,44.23,4.45,n,Baseline,Baseline,,
557,A,20-Aug,A,invert,Sweltsa,,SFTC,2.47,-23.87,9.74,50.68,5.21,n,Consumer,Consumer,,
557,B,20-Aug,A,invert,Sweltsa,,SFTC,3.47,-24.85,9.79,50.36,5.15,n,Consumer,Consumer,Replicates averaged,
557,,20-Aug,A,invert,Sweltsa,,SFTC,2.3,-23.43,9.05,49.03,5.42,n,Consumer,Consumer,Replicates averaged,
803,A,20-Aug,A,invert,Simuliidae,,Paintbrush,-1.39,-23.11,7.7,40.44,5.25,n,Consumer,Baseline2,,
803,B,20-Aug,A,invert,Simuliidae,,Paintbrush,-1.45,-23.73,8.24,43.19,5.24,n,Consumer,Baseline2,,
803,C,20-Aug,A,invert,Simuliidae,,Paintbrush,-1.27,-22.79,8.56,44.31,5.18,n,Consumer,Baseline2,Replicates averaged,
803,D,20-Aug,A,invert,Simuliidae,,Paintbrush,-1.34,-22.76,7.7,41.03,5.33,n,Consumer,Baseline2,,
803,E,20-Aug,A,invert,Simuliidae,,Paintbrush,-1.46,-22.64,8.46,41.45,4.9,n,Consumer,Baseline2,,
803,F,20-Aug,A,invert,Simuliidae,,Paintbrush,-1.34,-22.92,8.22,41.62,5.06,n,Consumer,Baseline2,,
804,C,20-Aug,A,invert,Midges,,Paintbrush,-2.67,-17.57,10.3,48.41,4.72,n,Baseline,Baseline,13C Replictes outside QAQC criteria.,
804,C,20-Aug,A,invert,Midges,,Paintbrush,-2.51,-19.09,9.91,47.34,4.8,n,Baseline,Baseline,13C Replictes outside QAQC criteria. Replicate.,
804,A,20-Aug,A,invert,Midges,,Paintbrush,-2.71,-18.83,10.2,48.73,4.78,n,Baseline,Baseline,,
804,B,20-Aug,A,invert,Midges,,Paintbrush,-2.79,-17.53,10.19,48.1,4.72,n,Baseline,Baseline,,
804,D,20-Aug,A,invert,Midges,,Paintbrush,-2.77,-19.53,8.19,41.92,5.12,n,Baseline,Baseline,,
804,E,20-Aug,A,invert,Midges,,Paintbrush,-2.76,-21.02,7.38,40.32,5.46,n,Baseline,Baseline,,
805,B,20-Aug,A,invert,Midges,,Wind Cave,-0.93,-35.51,10.12,51.83,5.24,n,Baseline,Baseline,,
805,A,20-Aug,A,invert,Midges,,Wind Cave,-0.87,-32.92,9.4,51.99,5.53,n,Baseline,Baseline,,
805,C,20-Aug,A,invert,Midges,,Wind Cave,-0.95,-34.43,9.78,51.6,5.28,n,Baseline,Baseline,Replicates averaged,
806,A,20-Aug,A,invert,Turbellaria,,Wind Cave,4.96,-31.59,7.95,60.1,7.7,n,Consumer,Consumer,,
806,B,20-Aug,A,invert,Turbellaria,,Wind Cave,5.08,-32.17,8.37,59.56,7.24,n,Consumer,Consumer,,
806,C,20-Aug,A,invert,Turbellaria,,Wind Cave,4.86,-30.51,9.74,50.73,5.21,n,Consumer,Consumer,Replicates averaged,
807,A,20-Aug,A,invert,Turbellaria,,AK Basin,4.88,-30.22,7.35,60.23,8.23,n,Consumer,Consumer,Basically replicates,
807,B,20-Aug,A,invert,Turbellaria,,AK Basin,4.92,-30.19,7.07,57.75,8.21,n,Consumer,Consumer,Basically replicates,
811,B,20-Aug,A,invert,Midges,,Delta,-2.31,-23.47,8.57,50.2,5.86,n,Baseline,Baseline,Replicates averaged,
811,C,20-Aug,A,invert,Midges,,Delta,-2.49,-23.13,8.66,51.37,5.93,n,Baseline,Baseline,,
811,A,20-Aug,A,invert,Midges,,Delta,-2.67,-19.82,8.84,49.09,5.55,n,Baseline,Baseline,,
812,A,20-Aug,A,invert,Turbellaria,,Grizzly,4.39,-23.43,8.16,55.8,6.84,n,Consumer,Consumer,,
812,B,20-Aug,A,invert,Turbellaria,,Grizzly,4.34,-22.33,9.19,50.24,5.47,n,Consumer,Consumer,,
812,C,20-Aug,A,invert,Turbellaria,,Grizzly,4.4,-23.33,7.77,57.74,7.43,n,Consumer,Consumer,,
813,A,20-Aug,A,invert,Simuliidae,,Grizzly,0.41,-23.96,9.26,41.66,4.5,n,Consumer,Consumer,,
813,B,20-Aug,A,invert,Simuliidae,,Grizzly,-0.13,-24.56,9.81,45.49,4.64,n,Consumer,Consumer,Degutted after thawing,
813,C,20-Aug,A,invert,Simuliidae,,Grizzly,0.19,-23.98,8.25,40.3,4.88,n,Consumer,Consumer,,
813,D,20-Aug,A,invert,Simuliidae,,Grizzly,0.06,-24.63,7.37,41.9,5.68,n,Consumer,Consumer,,
813,E,20-Aug,A,invert,Simuliidae,,Grizzly,0.12,-24.73,7.36,41.98,5.71,n,Consumer,Consumer,,
813,F,20-Aug,A,invert,Simuliidae,,Grizzly,0.21,-25.09,7.6,44.52,5.86,n,Consumer,Consumer,,
814,C,20-Aug,A,invert,Midges,,Grizzly,0.04,-23.43,7.76,45.36,5.85,n,Consumer,Baseline2,,
831,A,20-Aug,A,invert,Simuliidae,,Grizzly,-0.07,-24.93,10.01,49.77,4.97,n,Consumer,Consumer,Degutted after thawing,
1000,B,20-Aug,A,invert,Turbellaria,,Delta,1.42,-22.7,9.65,49.85,5.17,n,Consumer,Consumer,,
1000,A,20-Aug,A,invert,Turbellaria,,Delta,1.21,-21.51,10.86,45.42,4.18,n,Consumer,Consumer,,
1001,B,20-Aug,A,invert,Rhyacophila,,Delta,-0.21,-23.6,10.16,50.94,5.01,n,Consumer,Consumer,,
1001,A,20-Aug,A,invert,Rhyacophila,,Delta,0.43,-22.86,10.12,47.83,4.73,n,Consumer,Consumer,,
1003,B,20-Aug,A,invert,Lednia,,Delta,-2.17,-22.92,6.56,34.48,5.43,n,Consumer,Consumer,,
1003,A,20-Aug,A,invert,Lednia,,Delta,-0.58,-23.84,9.75,46.95,4.82,n,Consumer,Consumer,,
1004,A,20-Aug,A,invert,Megarcys,,Delta,-0.82,-23,10.82,48.22,4.46,n,Consumer,Consumer,,
1004,B,20-Aug,A,invert,Megarcys,,Delta,-0.49,-23.12,10.76,47.34,4.4,n,Consumer,Consumer,,
1005,A,20-Aug,A,invert,Rhyacophila,,Delta,-0.13,-22.75,9.78,46.45,4.75,n,Consumer,Consumer,,
1005,B,20-Aug,A,invert,Rhyacophila,,Delta,0.13,-22.36,10.62,49.26,4.64,n,Consumer,Consumer,,
1006,A,20-Aug,A,invert,Baetidae,,Delta,-0.52,-22.47,10.4,52.81,5.08,n,Consumer,Consumer,,
1006,B,20-Aug,A,invert,Baetidae,,Delta,-0.14,-21.91,10.58,47.06,4.45,n,Consumer,Consumer,,
1006,F,20-Aug,A,invert,Baetidae,,Delta,-0.42,-22.49,9.57,46.49,4.86,n,Consumer,Consumer,,
1006,G,20-Aug,A,invert,Baetidae,,Delta,1,-21.48,10.46,46.16,4.41,n,Consumer,Consumer,,
1007,,20-Aug,A,invert,Ameletidae,,Delta,-1.05,-22.65,9.97,53.15,5.33,n,Consumer,Consumer,,
2027,A,20-Aug,A,invert,Homophylax,,NFTC,-1.95,-20.81,9.81,43.53,4.44,n,Consumer,Baseline2,,
2027,D,20-Aug,A,invert,Homophylax,,NFTC,-0.94,-17,8.59,48.05,5.59,n,Consumer,Baseline2,,
2040,A,20-Aug,A,invert,Simuliidae,,NFTC,-0.37,-21.85,9.45,49.68,5.35,n,Consumer,Consumer,,
2040,B,20-Aug,A,invert,Simuliidae,,NFTC,-0.48,-23,8.32,49.93,6.12,n,Consumer,Consumer,,
2040,C,20-Aug,A,invert,Simuliidae,,NFTC,-0.66,-21.65,9.61,47.26,5.02,n,Consumer,Consumer,,
2040,D,20-Aug,A,invert,Simuliidae,,NFTC,-0.22,-22.43,10.33,48.7,4.72,n,Consumer,Consumer,,
2040,E,20-Aug,A,invert,Simuliidae,,NFTC,-0.62,-22.71,8.6,46.52,5.41,n,Consumer,Consumer,,
2041,B,20-Aug,A,invert,Midges,,NFTC,-2.41,-22.04,10.53,49.84,4.77,n,Baseline,Baseline,,
2041,A,20-Aug,A,invert,Midges,,NFTC,-2.21,-21.9,10.94,51.35,4.74,n,Baseline,Baseline,,
2041,G,20-Aug,A,invert,Midges,,NFTC,-2.12,-21.93,9.95,47.9,4.81,n,Baseline,Baseline,,
2042,A,20-Aug,A,invert,Midges,,NFTC,-2.32,-22.14,10.89,51.26,4.71,n,Baseline,Baseline,,
2042,B,20-Aug,A,invert,Midges,,NFTC,-2.2,-21.68,9.92,48.01,4.84,n,Baseline,Baseline,Replicates averaged,
2042,C,20-Aug,A,invert,Midges,,NFTC,-2.08,-22.99,10.02,49.85,4.98,n,Baseline,Baseline,,
2042,D,20-Aug,A,invert,Midges,,NFTC,-2.26,-22.25,10.01,47.78,4.77,n,Baseline,Baseline,,
4008,,20-Aug,A,invert,Megarcys,,AK Basin,3.5,-25.17,11.63,47.2,4.06,n,Consumer,Consumer,,
4010,,20-Aug,A,invert,Megarcys,,AK Basin,2.59,-28.09,9.91,48.62,4.91,n,Consumer,Consumer,,
4011,A,20-Aug,A,invert,Rithrogena,,AK Basin,1.62,-33.48,9.46,55.34,5.85,n,Consumer,Consumer,,
4011,B,20-Aug,A,invert,Rithrogena,,AK Basin,0.77,-33.46,10.7,50.14,4.69,n,Consumer,Consumer,,
4013,A,20-Aug,A,invert,Allomyia,,AK Basin,-0.84,-34.47,9.11,47.85,5.39,n,Baseline,Baseline,,
4013,B,20-Aug,A,invert,Allomyia,,AK Basin,-0.28,-35.85,7.52,39.87,5.46,n,Baseline,Baseline,,
4013,F,20-Aug,A,invert,Allomyia,,AK Basin,0.66,-37.19,8.87,54.97,6.2,n,Baseline,Baseline,,
4013,G,20-Aug,A,invert,Allomyia,,AK Basin,-0.27,-36.9,9.81,51.48,5.25,n,Baseline,Baseline,,
4013,H,20-Aug,A,invert,Allomyia,,AK Basin,-0.07,-35.08,10.21,46.79,4.58,n,Baseline,Baseline,,
4015,A,20-Aug,A,invert,Ameletidae,,AK Basin,0.65,-32.83,11.1,51.87,4.72,n,Consumer,Consumer,,
4015,B,20-Aug,A,invert,Ameletidae,,AK Basin,1.36,-32.14,11.68,49.44,4.23,n,Consumer,Consumer,,
4016,,20-Aug,A,invert,Ameletidae,,AK Basin,1.61,-29.41,11.64,48.77,4.24,n,Consumer,Consumer,,
4017,A,20-Aug,A,invert,Zapada,,AK Basin,0.1,-30.9,9.03,38.86,4.37,n,Consumer,Consumer,,
4017,B,20-Aug,A,invert,Zapada,,AK Basin,-0.29,-31.23,9.93,44.59,4.55,n,Consumer,Consumer,,
4017,D,20-Aug,A,invert,Zapada,,AK Basin,0.81,-31.08,9.46,40.2,4.25,n,Consumer,Consumer,,
4017,C,20-Aug,A,invert,Zapada,,AK Basin,0.53,-31.59,9.64,42.16,4.37,n,Consumer,Consumer,,
4018,A,20-Aug,A,invert,Sweltsa,,AK Basin,5.72,-24.72,11.05,45.3,4.16,n,Consumer,Consumer,,
4022,,20-Aug,A,invert,Heptageniidae,,AK Basin,0.99,-31.53,9.84,43.13,4.47,n,Consumer,Baseline2,,
4023,,20-Aug,A,invert,Drunella,,AK Basin,-0.06,-29.43,10.1,40.36,4,n,Consumer,Consumer,,
4024,,20-Aug,A,invert,Megarcys,,AK Basin,3.04,-27.64,9.85,49.5,5.03,n,Consumer,Consumer,,
569,B,20-Aug,A,invert,Sweltsa,,SFTC,2.9,-24.05,10.6,50.94,4.81,n,Consumer,Consumer,,
569,A,20-Aug,A,invert,Sweltsa,,SFTC,3.71,-24.47,10.73,52.24,4.87,n,Consumer,Consumer,,
569,G,20-Aug,A,invert,Sweltsa,,SFTC,4.05,-24.11,10.37,52.25,5.04,n,Consumer,Consumer,Replicates averaged,
534,A,20-Aug,A,invert,Zapada,,SFTC,0.52,-24.15,10.21,47.92,4.8,n,Consumer,Consumer,,
534,B,20-Aug,A,invert,Zapada,,SFTC,0.2,-24.32,8.97,47.72,5.32,n,Consumer,Consumer,,
556,A,20-Aug,A,invert,Zapada,,SFTC,0.59,-20.8,9.89,46.89,4.74,n,Consumer,Consumer,,
559,A,20-Aug,A,invert,Zapada,,SFTC,0.9,-22.92,10.06,44.94,4.47,n,Consumer,Consumer,,
559,B,20-Aug,A,invert,Zapada,,SFTC,0.67,-23.79,10.5,47.31,4.5,n,Consumer,Consumer,,
670,B,20-Aug,A,invert,Zapada,,SFTC,0,-23.86,9.68,51,5.27,n,Consumer,Consumer,,
670,A,20-Aug,A,invert,Zapada,,SFTC,0.91,-23.39,10.08,47.07,4.67,n,Consumer,Consumer,,
670,G,20-Aug,A,invert,Zapada,,SFTC,0.77,-22.25,9.85,45.21,4.59,n,Consumer,Consumer,,
670,H,20-Aug,A,invert,Zapada,,SFTC,0.72,-23.29,10.05,47.87,4.76,n,Consumer,Consumer,,
1010,,21-Jul,NA,invert,Zapada,,AK Basin,-0.69,-31.74,9.12,43.87,4.81,,,,,
1024-A,,21-Jul,NA,invert,Lednia,,Delta,-4.25,-23.81,7.25,45.66,6.3,,,,,
1024-B,,21-Jul,NA,invert,Lednia,,Delta,-3.17,-23.56,8.6,44.23,5.15,,,,,
1024-C,,21-Jul,NA,invert,Lednia,,Delta,-3.35,-24.32,7.16,47,6.56,,,,,
1025-A,,21-Jul,NA,invert,Zapada,,Delta,-4.05,-24.49,5.71,33.17,5.81,,,,,
1025-B,,21-Jul,NA,invert,Zapada,,Delta,-5.21,-24.58,3.69,21.88,5.93,,,,,
1025-C,,21-Jul,NA,invert,Zapada,,Delta,-2.25,-23.55,7.52,37.05,4.93,,,,,
1040-A,,21-Jul,NA,invert,Lednia,,Skillet,-0.87,-21.64,10.08,50.86,5.05,,,,,
1040-B,,21-Jul,NA,invert,Lednia,,Skillet,-0.86,-20.85,10.06,51.27,5.1,,,,,
1040-C,,21-Jul,NA,invert,Lednia,,Skillet,-1.05,-21.57,9.56,48.89,5.11,,,,,
1040-D,,21-Jul,NA,invert,Lednia,,Skillet,-0.79,-22.11,10.35,51.02,4.93,,,,,
1040-E,,21-Jul,NA,invert,Lednia,,Skillet,-1.86,-21.78,9.32,49.47,5.31,,,,,
1076-A,,21-Aug,NA,invert,Zapada,,Wind Cave,-0.98,-31.92,7.58,47.37,6.25,,,,,
1076-B,,21-Aug,NA,invert,Zapada,,Wind Cave,-1.13,-30.5,6.87,43.19,6.29,,,,,
1095-A,,21-Aug,NA,invert,Lednia,,Skillet,-1.04,-21.22,9.73,48.76,5.01,,,,,
1095-B,,21-Aug,NA,invert,Lednia,,Skillet,-0.77,-21.7,10.76,51.66,4.8,,,,,
1095-C,,21-Aug,NA,invert,Lednia,,Skillet,-0.93,-23.13,10.56,52.65,4.99,,,,,
1095-D,,21-Aug,NA,invert,Lednia,,Skillet,-1.31,-22.26,9.48,49.54,5.23,,,,,
1117-A,,21-Jul,NA,invert,Zapada,,AK Basin,0.11,-25.98,10.15,48.37,4.77,,,,,
1117-B,,21-Jul,NA,invert,Zapada,,AK Basin,-0.26,-32.51,9.99,46.22,4.63,,,,,
1125-A,,21-Jul,NA,invert,Zapada,,Wind Cave,-1.32,-29.92,8.49,43.2,5.09,,,,,
1125-A,,21-Jul,NA,invert,Zapada,,Wind Cave,-2.59,-22.97,8.61,41.25,4.79,,,,,
1125-B,,21-Jul,NA,invert,Zapada,,Wind Cave,-1.32,-30.53,7.88,50.62,6.43,,,,,
1128-A,,21-Aug,NA,invert,Zapada,,Delta,-2.11,-23.26,10.73,47.03,4.38,,,,,
1128-B,,21-Aug,NA,invert,Zapada,,Delta,-3.49,-21.8,11.08,52.69,4.75,,,,,
1128-B,,21-Aug,NA,invert,Lednia,,Delta,-2.69,-22.53,10.03,45.72,4.56,,,,,
1128-C,,21-Aug,NA,invert,Zapada,,Delta,-3.05,-23.99,7.7,42.66,5.54,,,,,
1128-C,,21-Aug,NA,invert,Lednia,,Delta,-3.45,-22.29,8.15,41.35,5.08,,,,,
1133-A,,21-Aug,NA,invert,Lednia,,Cloudveil,-0.59,-22.07,10.13,44.98,4.44,n,Consumer,Consumer,,
1133-B,,21-Aug,NA,invert,Lednia,,Cloudveil,-1.02,-21.74,9.68,43.77,4.52,n,Consumer,Consumer,,
1133-C,,21-Aug,NA,invert,Lednia,,Cloudveil,-2.41,-22.01,8.9,40.36,4.54,n,Consumer,Consumer,,
1133-D,,21-Aug,NA,invert,Lednia,,Cloudveil,-1.52,-22.37,10.45,44.15,4.22,n,Consumer,Consumer,,
1133-E,,21-Aug,NA,invert,Lednia,,Cloudveil,-2.07,-22.84,9.68,46.08,4.76,n,Consumer,Consumer,,
1152-A,,21-Jul,NA,invert,Lednia,,Cloudveil,-1.11,-23.14,9.24,48.93,5.29,n,Consumer,Consumer,,
1152-B,,21-Jul,NA,invert,Lednia,,Cloudveil,-1.77,-22.34,9.08,47.51,5.23,n,Consumer,Consumer,,
1152-C,,21-Jul,NA,invert,Lednia,,Cloudveil,-2.31,-23.51,7.17,42.16,5.88,n,Consumer,Consumer,,
1152-D,,21-Jul,NA,invert,Lednia,,Cloudveil,-1.25,-23.21,8.64,46.44,5.38,n,Consumer,Consumer,,
171D,A,20-Aug,A,invert,Simuliidae,,Skillet,-0.1,-23.52,10.27,51.46,5.01,n,Consumer,Consumer,Degutted after thawing,
171D,B,20-Aug,A,invert,Simuliidae,,Skillet,0.46,-23.44,9.55,50.93,5.33,n,Consumer,Consumer,Degutted after thawing,
Skillet Oligochaeta,,20-Aug,A,invert,Turbellaria,,Skillet,3.46,-24.21,12.33,72.45,5.88,n,Consumer,Consumer,Weight percent values suspect. Use with caution.,
Paint 72621 R3A,,21-Jul,NA,food,Biofilm,,Paintbrush,-2.1,-20.6,1.2,7.5,6.4,n,,,,
Delta 71921 R1B,,21-Jul,NA,food,Biofilm,,Delta,-5.4,-21.2,1.8,12.8,7.2,n,,,,
Delta 71921 R3A,,21-Jul,NA,food,Biofilm,,Delta,-3.9,-21.8,2.1,15,7.3,n,,,,
Delta 81121 R4,,21-Aug,NA,food,Biofilm,,Delta,-4.9,-22.3,2.3,15.9,6.9,n,,,,
Delta 81121 R1,,21-Aug,NA,food,Biofilm,,Delta,-3.3,-21.6,2.6,18.2,7.1,n,,,,
Skillet 72821 R2,,21-Jul,A,food,Biofilm,,Skillet,-2.1,-22,1.3,9.1,7,n,,,,
Skillet 8921 R3A,,21-Aug,NA,food,Biofilm,,Skillet,-2.3,-21.1,1.4,10,7.1,n,,,,
